studId,first_name,last_name,birthdate,date_added,gender,address
1,Sibyl,Hounihan,11/2/2019,1/6/2018,Female,20229 Coolidge Circle
2,Rose,Shillaker,2/8/2017,11/16/2016,Male,98 Parkside Circle
3,Stavro,Bunker,4/29/2018,5/9/2018,Male,4137 Arapahoe Pass
4,Shoshanna,Gamett,10/2/2017,11/11/2018,Female,20 Heffernan Hill
5,Lanie,Thurlby,4/18/2017,7/8/2017,Male,803 Butternut Pass
6,Estrellita,Bowden,10/26/2019,5/6/2020,Female,412 Vernon Road
7,Winnie,Fairham,10/16/2019,5/7/2020,Male,9122 School Parkway
8,Krispin,Gorgen,12/13/2019,4/25/2020,Female,45 Sullivan Park
9,Donnajean,Smaling,1/30/2019,5/1/2019,Female,787 Sachtjen Street
10,Manda,Dalglish,7/3/2020,11/22/2018,Male,314 Fairview Park
11,Herc,Clemot,2/24/2017,12/6/2018,Female,3024 Westend Park
12,Catlee,Raymont,2/7/2019,7/26/2021,Male,9082 Menomonie Center
13,Dun,McOwan,9/11/2019,9/28/2018,Female,679 North Circle
14,Kalli,MacDunlevy,3/16/2021,1/31/2019,Female,96423 Eastlawn Crossing
15,Berkie,Frazier,7/19/2021,11/12/2016,Female,812 Village Green Park
16,Joyann,Heigho,10/5/2019,9/14/2018,Male,41 Truax Parkway
17,Lara,Cuddon,3/10/2020,8/20/2020,Male,115 Moose Pass
18,Vic,Critch,3/4/2017,4/8/2019,Male,1852 Jackson Way
19,Marcus,McGarrell,1/11/2017,4/6/2019,Male,920 Bartillon Lane
20,Vic,Cumpton,6/27/2018,6/16/2019,Male,7282 Meadow Valley Crossing
21,Holly-anne,Cadagan,9/6/2019,7/2/2017,Male,643 Delaware Alley
22,Terrel,Penk,4/8/2019,5/14/2018,Female,351 Norway Maple Junction
23,Orelia,Abrahamovitz,12/12/2017,2/24/2018,Male,6288 Park Meadow Alley
24,Merridie,Stilgo,7/7/2017,8/16/2017,Male,978 Mandrake Center
25,Johannah,Haws,3/24/2018,4/13/2019,Female,15830 Acker Lane
26,Gill,Maskall,9/7/2020,4/2/2021,Male,7780 6th Parkway
27,Benoite,Misk,5/13/2017,2/18/2018,Male,31042 Grasskamp Drive
28,Karalynn,Hannabus,7/27/2018,12/11/2019,Male,474 Atwood Junction
29,Benjy,Leach,4/7/2020,7/26/2020,Male,27466 Maple Wood Place
30,Alden,Whitecross,11/12/2017,9/28/2020,Male,934 Springview Terrace
31,Sybilla,McSperron,7/6/2017,10/19/2019,Female,3 Spenser Junction
32,Bogart,Rouby,5/16/2017,12/5/2017,Female,23 Eliot Terrace
33,Ryley,Colegate,10/30/2018,4/23/2019,Male,3 Westerfield Circle
34,Morty,Davydochkin,1/14/2018,11/28/2017,Male,00411 Gale Alley
35,Adriane,Juzek,3/3/2021,1/27/2017,Female,65 Maple Avenue
36,Donnamarie,Wordsworth,11/29/2016,8/10/2019,Female,1 Loomis Point
37,Marika,Loadsman,3/7/2021,8/31/2017,Female,6706 Swallow Center
38,Madge,Buney,3/13/2019,5/3/2021,Male,105 Banding Road
39,Mathe,Loade,2/19/2019,4/26/2019,Male,15687 Hermina Way
40,Titos,Flanigan,2/1/2020,10/31/2019,Female,9 Haas Center
41,Buckie,Brood,7/21/2019,11/21/2017,Female,37 Anzinger Lane
42,Mahalia,Gueny,2/16/2020,2/3/2017,Female,1941 Harper Trail
43,Martita,Dimont,4/7/2020,12/25/2018,Male,2 Iowa Pass
44,Geno,Whittet,12/13/2020,10/3/2017,Female,947 Mesta Plaza
45,Teresita,Strothers,12/20/2019,6/20/2021,Male,554 Colorado Road
46,Nina,Halshaw,3/10/2017,11/10/2018,Male,12228 Merry Pass
47,Lay,Reville,3/8/2017,12/5/2020,Male,204 Kim Lane
48,Sheffield,Bellini,5/20/2018,5/11/2021,Male,47 Pepper Wood Trail
49,Diahann,Wayon,8/22/2019,10/18/2016,Female,37 Scoville Park
50,Nappy,Glasman,2/17/2021,3/1/2020,Male,7 Green Ridge Street
51,Sarina,June,10/23/2020,10/23/2016,Female,4 Buhler Place
52,Killian,Frodsam,10/5/2020,11/28/2020,Male,1 Hoffman Road
53,Ebeneser,Maddy,3/23/2020,7/22/2017,Female,97105 Amoth Street
54,Sonni,McIlwraith,12/3/2020,11/4/2016,Male,4 Nelson Street
55,Grant,Red,5/30/2018,7/6/2021,Male,8 Redwing Pass
56,Mari,Luty,12/26/2018,2/16/2021,Female,3818 Loomis Crossing
57,Nilson,Stonhewer,7/12/2019,10/11/2019,Female,59 Eggendart Trail
58,Ilaire,Stedall,6/15/2017,11/24/2017,Female,96336 Kinsman Park
59,Maury,Petruk,11/8/2019,4/29/2018,Male,7 Warner Junction
60,Sax,Haskett,2/3/2020,9/23/2017,Male,9 Mallory Court
61,Joann,Jonczyk,6/21/2021,4/4/2018,Male,2 Bowman Circle
62,Dominica,Duckels,1/12/2020,3/14/2017,Female,17061 Blue Bill Park Hill
63,Ramonda,Vanyukov,7/8/2019,7/3/2018,Female,83 Prairieview Avenue
64,Basia,Widdup,11/18/2020,9/16/2020,Male,18559 Vernon Place
65,Nolan,Dowden,4/20/2018,12/7/2017,Female,14 Sugar Pass
66,Junia,MacMeanma,2/13/2018,2/14/2019,Female,28 Hintze Plaza
67,Hersch,McClean,10/24/2017,5/1/2020,Female,06 Anhalt Circle
68,Corrianne,Berge,11/26/2016,2/1/2019,Female,284 Rutledge Park
69,Augustin,Anslow,4/8/2021,3/15/2021,Female,8978 Luster Place
70,Ker,Uphill,11/11/2020,7/22/2017,Male,41614 Elka Plaza
71,Tanner,Gaukrodge,5/19/2020,12/26/2020,Female,43042 Rockefeller Drive
72,Orv,Braybrook,4/26/2018,1/29/2017,Female,99221 Schurz Drive
73,Fabe,O'Brogane,10/19/2017,5/4/2019,Male,68754 Hoard Place
74,Estrella,Elizabeth,5/18/2017,6/5/2018,Female,311 Eliot Road
75,Stearn,Pulteneye,2/24/2019,7/1/2021,Male,547 Lakewood Parkway
76,Almeta,Coath,4/28/2017,9/15/2019,Female,679 Gale Circle
77,Rad,McCamish,10/2/2019,9/7/2020,Male,0371 Carpenter Center
78,Kennith,Doubrava,12/15/2020,5/9/2020,Male,854 Pankratz Lane
79,Frazer,Severns,7/17/2019,6/25/2017,Female,8 Basil Terrace
80,Quincey,McQuaker,4/27/2021,10/27/2019,Male,7 Bowman Avenue
81,Ulises,Ludye,10/6/2018,11/24/2018,Female,9 Wayridge Circle
82,Derby,Tidcomb,6/5/2019,12/21/2020,Female,86535 Norway Maple Crossing
83,Lyndsie,Sorbie,4/18/2021,10/4/2018,Female,35127 Continental Point
84,Ester,Abele,1/12/2021,4/18/2018,Female,9 Village Park
85,Inga,Hugonneau,6/22/2017,4/24/2021,Male,3616 Moose Alley
86,Kinsley,Aronstam,8/6/2018,9/16/2016,Female,0860 Shopko Hill
87,Cross,Blankenship,1/22/2020,8/4/2020,Male,1373 Dexter Drive
88,Roldan,Pyvis,8/13/2018,5/4/2019,Male,77619 Westerfield Lane
89,Nora,Varga,8/9/2020,5/12/2019,Female,39 Monica Way
90,Madalena,Rosin,11/7/2019,10/7/2018,Female,49 Carpenter Avenue
91,Killie,Penquet,8/7/2019,12/17/2017,Male,50 Northview Avenue
92,Dayna,Sambrok,9/10/2019,12/27/2016,Female,1 Kensington Pass
93,Karil,MacMaster,12/18/2017,10/1/2017,Male,01 Sunnyside Plaza
94,Stephie,Spier,9/30/2018,7/3/2018,Female,82715 Stang Terrace
95,Kendell,Eddison,10/14/2016,7/2/2019,Male,279 Gerald Avenue
96,Janeva,Knobell,7/1/2017,8/7/2020,Male,8 Doe Crossing Terrace
97,Cristi,Plaskett,2/26/2018,6/20/2018,Male,59265 Loomis Plaza
98,Briney,Wormald,12/19/2020,10/8/2017,Female,01272 Lien Plaza
99,Byron,Bartholomieu,10/1/2016,8/20/2019,Female,001 Crownhardt Road
100,Eduino,Wisbey,8/2/2017,7/29/2017,Male,35243 Sundown Lane
101,Francesca,Leguay,4/14/2020,7/20/2017,Male,88070 Surrey Center
102,Klement,Barrim,2/19/2019,6/28/2021,Male,159 Laurel Hill
103,Emmalyn,Backhouse,1/10/2019,5/1/2021,Female,28 Kingsford Lane
104,Owen,Abazi,2/8/2020,5/26/2020,Female,82 Glendale Park
105,Thaxter,Insley,5/30/2019,4/12/2018,Male,8 Carioca Trail
106,Neilla,Squire,7/5/2019,3/11/2019,Male,9721 Cordelia Point
107,Karl,Attenborough,9/13/2016,12/14/2016,Female,44 Dapin Crossing
108,Dusty,McInulty,8/13/2019,6/11/2018,Male,8919 Wayridge Center
109,Merrick,Senchenko,1/14/2019,3/3/2019,Male,336 La Follette Alley
110,Lanette,Benit,3/17/2017,3/29/2019,Male,018 Briar Crest Crossing
111,Inesita,Minter,7/5/2017,7/22/2019,Male,842 Welch Junction
112,Godiva,Mucillo,12/30/2017,4/24/2020,Male,49 Hanson Parkway
113,Steven,Bugdall,4/10/2019,2/6/2018,Male,472 Hanover Center
114,Dorothee,Greaser,6/14/2019,3/22/2017,Male,21128 Forster Way
115,Manolo,Bernasek,4/24/2017,8/18/2018,Female,57 Coleman Park
116,Valida,Krahl,11/8/2017,7/13/2021,Male,4 Mockingbird Parkway
117,Abigael,Abrahamowitcz,3/25/2017,1/16/2018,Male,4242 Brickson Park Lane
118,Elsbeth,Ferreira,7/21/2020,8/8/2020,Female,64 Bultman Road
119,Ruttger,Doelle,10/19/2020,11/10/2016,Female,7185 Forest Run Trail
120,Jacob,Dorrington,6/30/2020,5/28/2019,Male,21825 Dovetail Street
121,Ailyn,Galer,10/26/2018,1/13/2021,Male,59 Scoville Trail
122,Kamila,Hasker,2/17/2021,5/1/2020,Male,9 Dwight Point
123,Niccolo,Reder,6/9/2017,7/24/2021,Female,0568 Spenser Street
124,Kyla,Ruffles,11/4/2017,5/19/2021,Female,1 Kim Terrace
125,Normand,Blaw,10/17/2020,10/22/2020,Female,943 Forest Point
126,Hort,Archibold,3/8/2020,3/25/2017,Female,50 Swallow Road
127,Rorie,Danilovitch,4/19/2021,7/29/2020,Male,504 Golf Parkway
128,Tadeas,Breitling,3/15/2020,3/3/2017,Male,68 Starling Trail
129,Nevin,Minghi,6/24/2017,8/29/2020,Male,818 Shelley Center
130,Yuri,Tight,11/9/2016,7/1/2019,Female,4954 Anthes Lane
131,Jermayne,Germain,3/4/2020,11/26/2020,Female,1643 Hollow Ridge Drive
132,Dane,Werner,6/26/2020,1/3/2018,Male,983 Stoughton Center
133,Zita,Cairns,1/20/2017,7/31/2017,Female,0833 Kennedy Junction
134,Elberta,Danilovic,11/18/2019,1/15/2021,Female,98 Ronald Regan Road
135,Leora,Jeal,8/16/2019,11/15/2019,Male,0 Springs Crossing
136,Royal,Jedrzejkiewicz,11/28/2019,3/7/2017,Female,2 Gerald Court
137,Dore,Khadir,5/3/2017,10/31/2020,Male,7247 Killdeer Terrace
138,Modesty,Birds,1/27/2018,4/23/2019,Female,1381 Eliot Pass
139,Alice,Alstead,1/2/2020,4/29/2019,Male,469 Loftsgordon Crossing
140,Harbert,De-Ville,8/24/2019,1/19/2020,Female,17980 4th Way
141,Yorgos,Polack,4/5/2020,3/13/2020,Male,01343 Onsgard Point
142,Phyllida,Elliff,5/9/2021,1/17/2021,Male,26587 Chive Road
143,Lorant,MacCauley,3/24/2017,11/24/2016,Male,336 Riverside Road
144,Holly-anne,Haskayne,3/10/2019,6/18/2017,Female,94315 Kennedy Plaza
145,Ed,Castri,4/29/2018,11/19/2019,Male,5311 Duke Avenue
146,Claribel,Ellerker,4/9/2020,7/15/2020,Male,49 Sunnyside Road
147,Katlin,Beeze,4/19/2017,5/11/2019,Female,43343 Badeau Lane
148,Retha,Roycraft,10/8/2020,11/3/2017,Male,6 Summer Ridge Avenue
149,Whitaker,Piborn,5/27/2018,7/25/2017,Female,58 Pond Trail
150,Jedd,O'Hear,6/23/2019,3/28/2021,Male,19872 Sommers Point
151,Bartel,Giabucci,3/14/2017,10/9/2019,Female,12 Eagle Crest Way
152,Hailey,Rameaux,10/23/2018,3/17/2019,Male,651 Forest Street
153,Sawyer,Marrion,8/25/2017,10/30/2019,Female,24884 Anhalt Point
154,Andrus,Kob,2/17/2020,1/29/2019,Male,26 Independence Street
155,Paxton,Ewert,1/19/2018,12/12/2017,Female,4 Longview Drive
156,Lincoln,Tinklin,7/12/2019,10/15/2016,Male,91 Coleman Parkway
157,Nester,Crothers,2/23/2018,9/15/2020,Male,3711 Farmco Park
158,Shirl,Raisbeck,7/3/2020,3/13/2019,Female,68 Bunker Hill Hill
159,William,Hebborne,12/30/2019,7/10/2018,Female,29786 Dottie Park
160,Stirling,Dowse,6/20/2018,9/18/2019,Male,3163 Dapin Junction
161,Jeffy,Height,6/29/2019,1/12/2021,Female,3 La Follette Parkway
162,Ariana,Margarson,1/29/2018,12/2/2018,Male,73 Lawn Lane
163,Claire,Lyosik,5/17/2020,8/4/2020,Female,8946 Johnson Alley
164,Emmott,Sposito,2/7/2019,6/29/2019,Male,7 Pearson Way
165,Sanson,Defries,8/12/2017,10/15/2020,Male,42443 Clarendon Drive
166,Sharia,Fryer,8/8/2018,3/14/2018,Male,09936 Daystar Court
167,Jerrine,Greves,12/2/2020,3/17/2018,Male,98903 Linden Hill
168,Harriett,Simkins,1/3/2017,12/18/2019,Male,3 Anzinger Center
169,Bill,Glasson,11/28/2018,6/28/2020,Female,269 Aberg Center
170,Willis,Taft,11/26/2016,6/24/2019,Male,684 Mitchell Plaza
171,Maurits,Chavey,2/10/2020,4/20/2019,Female,62 Stuart Point
172,Ken,Decroix,7/14/2018,2/3/2019,Male,63437 Shopko Hill
173,Cyrill,Eckels,2/14/2021,5/21/2018,Male,12817 Ludington Way
174,Phillida,Rowen,1/23/2020,3/29/2018,Female,9 Sunnyside Terrace
175,Opal,Dopson,5/28/2018,12/24/2020,Male,09 Leroy Junction
176,Lindsay,Wilce,3/8/2021,9/26/2016,Female,9438 Fuller Junction
177,Kristan,De Zamudio,10/10/2019,9/5/2017,Female,3 Old Gate Circle
178,Langsdon,Izak,5/30/2018,5/17/2021,Female,0211 Monterey Hill
179,Fleur,Agnew,10/22/2016,5/2/2020,Female,005 Redwing Parkway
180,Torrie,Dicte,12/18/2018,10/7/2018,Female,88 Clemons Avenue
181,Wolfgang,Loughney,6/11/2017,6/20/2017,Male,69 Eastlawn Court
182,Carey,Farenden,10/31/2017,6/22/2017,Male,9 Westerfield Court
183,Kristofor,Keyes,3/3/2018,11/11/2017,Male,48 Northwestern Center
184,Federico,Lukas,12/27/2016,5/12/2021,Female,6 Anzinger Circle
185,Eugenia,Shirtcliffe,12/16/2020,8/1/2020,Female,4 Mitchell Circle
186,Vivian,Yeskov,10/8/2019,11/14/2017,Female,37569 Hoepker Way
187,Reiko,Rawstorn,1/29/2018,11/28/2019,Male,814 Manley Court
188,Dennis,Duffer,11/5/2016,1/8/2019,Female,20 Holmberg Way
189,Libbie,Sowerbutts,10/20/2020,10/5/2017,Female,8871 John Wall Terrace
190,Broderic,Eisenberg,7/28/2018,9/13/2018,Female,34792 Kropf Crossing
191,Donica,Perfect,1/31/2021,8/10/2017,Male,48 Eagan Junction
192,Sylvia,Davidovici,2/2/2021,4/24/2021,Male,3 Briar Crest Court
193,Jess,Rice,3/25/2019,12/24/2019,Male,8 Anthes Center
194,Prent,Picford,12/14/2020,5/20/2021,Female,0419 Talisman Crossing
195,Lilias,Cicullo,8/21/2019,6/8/2021,Female,0069 Lunder Court
196,Jane,Lillicrap,10/10/2018,10/27/2018,Female,33 Sommers Plaza
197,Sigfrid,Seadon,6/29/2021,5/13/2020,Female,527 Delladonna Plaza
198,Enrica,Ruprich,8/21/2017,4/23/2021,Female,4 Amoth Crossing
199,Kelsey,Gundry,7/26/2017,12/24/2020,Male,78790 Mockingbird Street
200,Davon,Whylie,5/28/2019,11/5/2019,Female,5768 Ilene Pass
201,Anny,Islep,6/1/2021,5/2/2020,Male,65681 Lighthouse Bay Trail
202,Abel,Abbiss,7/15/2019,11/19/2016,Female,511 Carpenter Way
203,Imogene,Beachamp,2/12/2017,1/11/2020,Male,91745 Twin Pines Terrace
204,Johnathon,Tichelaar,7/5/2021,2/19/2019,Male,9 Melby Avenue
205,Murvyn,Buddleigh,6/8/2018,5/30/2017,Female,45 Pennsylvania Parkway
206,Flin,Mendonca,6/3/2018,5/15/2019,Female,0683 Fair Oaks Court
207,Delilah,Toffalo,7/3/2020,4/13/2018,Female,6313 Daystar Plaza
208,Arel,Bastock,3/12/2020,1/28/2021,Female,5205 Iowa Point
209,Cross,Lanney,8/1/2019,1/21/2020,Male,67797 Lindbergh Crossing
210,Cloris,Forryan,12/29/2018,8/19/2020,Female,4 Magdeline Hill
211,Katya,Durning,1/16/2020,5/7/2017,Female,16604 La Follette Park
212,Binni,McGirr,3/3/2018,6/11/2019,Female,0610 Pawling Avenue
213,Adan,Whiteland,2/27/2018,1/8/2018,Female,41011 Arizona Junction
214,Darrelle,Lebell,10/10/2016,6/5/2017,Female,773 Trailsway Center
215,Jaye,Attenborough,3/9/2020,9/30/2020,Female,20 Randy Park
216,Spense,Look,5/27/2019,3/2/2018,Female,12 Butternut Crossing
217,Bentlee,Pammenter,10/27/2019,1/18/2018,Female,9665 Sachs Trail
218,Ruthie,Shmyr,6/15/2019,9/10/2020,Female,0520 Farmco Trail
219,Kingsley,Diemer,9/21/2019,11/7/2018,Male,9674 Muir Hill
220,Eugenio,Postles,2/6/2020,5/14/2021,Male,5 Steensland Center
221,Maggie,Rolstone,7/31/2019,3/9/2021,Male,00208 Cascade Center
222,Ravi,Embury,1/26/2017,7/13/2019,Female,6939 Nobel Way
223,Mal,Brumwell,8/7/2018,5/29/2019,Male,13171 Mifflin Terrace
224,Ricard,Pellew,12/1/2019,6/16/2018,Male,0492 Sauthoff Drive
225,Anthiathia,Buie,1/5/2020,5/25/2021,Female,23 Lien Hill
226,Martita,Pitkin,11/8/2020,8/2/2020,Female,3527 Shoshone Point
227,Javier,Alesio,4/6/2020,6/10/2018,Female,85 Clemons Street
228,Madelaine,Scrogges,8/6/2020,5/16/2020,Male,113 8th Junction
229,Gusti,Morgue,10/1/2017,5/6/2021,Female,64658 Mallard Alley
230,Cristen,Dutteridge,11/25/2019,10/5/2019,Male,437 Messerschmidt Court
231,Naomi,Mellings,10/13/2018,11/13/2018,Female,360 Green Ridge Alley
232,Milka,Mc Menamin,5/5/2019,2/14/2018,Female,7195 Vera Crossing
233,Bar,Bulstrode,7/17/2018,2/12/2018,Female,88895 Scott Trail
234,Silva,Mertel,9/16/2020,9/29/2020,Female,64 Bunting Pass
235,Vassily,Ciciari,1/26/2021,7/11/2021,Female,55 Dakota Court
236,Yelena,McQuorkell,1/12/2021,12/2/2016,Female,2037 David Street
237,Gabbie,Ghidetti,2/22/2020,9/2/2016,Female,874 Londonderry Alley
238,Coraline,Kyle,10/2/2016,3/28/2017,Female,72 Fairfield Street
239,Elsi,Garrals,10/9/2018,2/18/2019,Male,23513 Macpherson Road
240,Marlo,Fiddymont,6/30/2021,11/21/2016,Male,28 Lakeland Trail
241,Marlon,Terbeek,2/19/2021,8/6/2019,Male,286 Sachtjen Place
242,Stafani,Insley,11/7/2019,4/3/2017,Male,63048 New Castle Center
243,Drucill,Targett,8/9/2018,7/19/2021,Male,6875 Jay Alley
244,Danette,Hazlehurst,5/29/2017,3/5/2018,Male,5024 Mayfield Terrace
245,Bellina,McCosh,10/14/2018,5/23/2018,Male,94 Meadow Ridge Lane
246,Levin,Westover,11/1/2020,11/16/2018,Male,852 Hanson Junction
247,Michele,Pepperrall,3/6/2017,6/13/2018,Male,81 Clove Hill
248,Urbain,McLevie,7/25/2021,10/31/2019,Male,047 Mayer Drive
249,Scottie,Nicholes,7/2/2018,6/20/2019,Male,3242 Iowa Avenue
250,Adela,Hort,5/29/2021,2/5/2017,Male,85 Little Fleur Drive
251,Rosamund,Colthard,2/5/2019,12/16/2019,Female,3 Rigney Court
252,Coleen,Thirlwell,6/18/2019,10/14/2018,Male,1 Lukken Avenue
253,Tiler,Schimank,4/21/2021,6/3/2020,Female,57955 Walton Court
254,Rolando,Asplen,9/6/2020,11/20/2019,Male,8561 Schlimgen Park
255,Erich,Alfuso,2/16/2018,4/2/2017,Female,41862 Lunder Junction
256,Tomlin,Charker,5/19/2021,11/16/2020,Female,15856 Victoria Place
257,Tiena,Hambridge,12/14/2019,3/9/2018,Female,42 Shelley Terrace
258,Keen,Leathard,4/15/2018,10/12/2020,Female,79 Spaight Circle
259,Paxon,Godsafe,4/22/2019,5/14/2019,Male,9597 Lerdahl Court
260,Emelia,Grannell,10/2/2019,11/13/2017,Male,3 Magdeline Crossing
261,Aviva,Ellerker,12/19/2019,12/12/2019,Male,7 Manufacturers Pass
262,Edeline,Udall,5/21/2019,10/28/2017,Female,1508 Del Sol Way
263,Northrop,Bomb,3/17/2019,6/24/2018,Female,5 Ronald Regan Road
264,Wat,Ravillas,1/30/2018,7/5/2017,Female,2581 Delaware Drive
265,Lois,Darte,11/16/2017,3/11/2019,Female,15 Stone Corner Circle
266,Ilsa,Mott,3/20/2020,10/7/2020,Male,1 Lake View Pass
267,Benedetto,Sertin,12/1/2017,5/10/2017,Female,62 Hagan Park
268,Fowler,Scrinage,5/27/2017,11/17/2020,Male,56259 Lerdahl Park
269,Lishe,Soppeth,3/11/2018,11/24/2017,Female,49 5th Terrace
270,Johny,Dwyr,6/6/2018,2/14/2017,Male,5127 Russell Terrace
271,Natividad,Raiman,5/27/2018,11/23/2020,Male,73455 Atwood Center
272,Nichole,Ackred,10/15/2020,7/16/2017,Male,5 Texas Pass
273,Pru,Cotes,7/5/2019,4/16/2020,Male,57089 Logan Place
274,Benjie,Geare,1/17/2017,12/15/2020,Female,13034 Marcy Parkway
275,Kermie,Jeaycock,3/1/2018,5/1/2018,Female,68402 Reinke Pass
276,Felicio,Amiable,8/2/2018,5/23/2018,Female,0068 Rowland Court
277,Roxie,Measor,2/4/2021,4/17/2018,Female,60531 Brickson Park Court
278,Antone,Keppe,1/30/2019,2/28/2019,Male,79 Bluejay Court
279,Brett,Oade,10/23/2018,11/6/2018,Male,9 High Crossing Court
280,Eyde,Seczyk,10/16/2017,5/6/2021,Male,014 Meadow Valley Street
281,Courtenay,Seymer,8/16/2018,11/19/2017,Female,833 Sloan Plaza
282,Cchaddie,Reinhard,9/9/2018,5/10/2018,Male,9 Farmco Pass
283,Patricia,Garmons,12/15/2018,2/21/2020,Female,1431 Iowa Drive
284,Dionisio,Drain,2/16/2019,5/6/2017,Female,5 Gateway Point
285,Cull,Silvermann,4/10/2018,10/28/2020,Male,6876 Armistice Parkway
286,Cassie,Lindegard,11/6/2019,12/21/2020,Male,58 Golden Leaf Road
287,Alicea,Wasielewicz,3/4/2017,3/28/2017,Male,952 Magdeline Plaza
288,Sib,Gleave,8/13/2020,1/17/2021,Male,684 Calypso Pass
289,Suzette,Olliver,9/3/2018,1/24/2018,Female,36 Forest Dale Park
290,Sibley,Kemetz,1/13/2018,9/21/2017,Male,27305 Buell Alley
291,Arni,Yes,10/17/2020,2/27/2018,Female,076 Moulton Avenue
292,Babs,Durran,3/11/2019,5/19/2017,Male,57 Graceland Alley
293,Devin,Gonzalez,2/1/2017,4/17/2019,Female,0512 Oak Valley Trail
294,Earvin,Gooder,5/23/2020,7/26/2019,Male,40 Westend Trail
295,Eddie,Dumphry,6/15/2018,5/14/2018,Male,5 Mcguire Place
296,Kerwinn,Almon,2/14/2018,12/12/2019,Female,2672 Dottie Place
297,Mindy,Parken,4/6/2021,11/7/2016,Male,8735 Harbort Junction
298,Bartlett,Vasser,11/29/2019,1/19/2017,Female,7 Carpenter Street
299,Florie,Shalcros,6/6/2019,9/5/2019,Male,0 Burning Wood Pass
300,Teri,Sneyd,1/18/2019,6/18/2017,Female,4610 Lake View Park
301,Cyndie,Jayme,7/27/2017,1/1/2018,Female,5284 Anniversary Street
302,Wilbur,Lorait,9/22/2018,5/18/2019,Male,8213 Butternut Point
303,Aeriell,Janeway,6/23/2020,3/28/2019,Male,965 Dayton Street
304,Rutherford,Gosdin,8/16/2017,7/25/2020,Male,2236 Merry Lane
305,Dal,Strettell,1/19/2021,4/12/2021,Female,5065 Dorton Crossing
306,Ninetta,Cumo,1/14/2021,7/15/2017,Female,5787 Lukken Terrace
307,Babbie,Knewstub,9/29/2017,5/19/2018,Male,5083 Di Loreto Plaza
308,Kath,Shirley,5/9/2017,3/11/2017,Male,69601 Fuller Circle
309,Vere,Craggs,12/21/2019,11/3/2017,Female,87785 Waubesa Avenue
310,Biddy,Oels,11/27/2016,4/12/2017,Male,074 Havey Court
311,Porty,Freddi,6/11/2020,6/27/2018,Female,9 Ridgeview Junction
312,Bianca,Vine,5/26/2017,4/14/2019,Female,94409 Schiller Park
313,Olivia,Fishbie,7/22/2019,9/17/2017,Female,30637 Moose Junction
314,Kally,Beggs,1/26/2018,11/6/2019,Male,44903 Schurz Way
315,Henri,Prowse,9/25/2019,12/4/2016,Female,40513 Cody Terrace
316,Desiree,Dundon,6/23/2019,7/10/2019,Female,66 7th Trail
317,Pauly,Elener,3/14/2019,8/14/2019,Male,9322 8th Place
318,Grantley,Hastwall,10/1/2016,2/19/2021,Female,42 Bashford Terrace
319,Eal,O'Shavlan,12/26/2017,1/6/2018,Female,36 Cherokee Pass
320,Farly,Balint,12/13/2017,9/30/2017,Female,691 Dryden Crossing
321,Kittie,Soppett,10/25/2018,11/10/2020,Female,635 Thierer Pass
322,Jo ann,Drinkwater,11/6/2019,6/1/2021,Female,6 Transport Circle
323,Gabriellia,Headings,3/17/2021,6/4/2021,Female,1 Magdeline Drive
324,Stafani,Dingwall,11/1/2019,10/30/2017,Female,398 Sugar Pass
325,Coleen,Rehorek,5/18/2019,11/18/2019,Female,339 Sycamore Center
326,Letty,Ceschini,8/16/2019,4/4/2017,Female,22531 Bunker Hill Parkway
327,Rochester,Eckart,4/16/2021,4/24/2017,Female,17258 Roxbury Alley
328,Elvin,Holcroft,11/11/2018,6/5/2017,Female,78254 Dayton Street
329,Leslie,Gabbetis,11/20/2019,11/26/2016,Female,21 Blackbird Point
330,Pace,Avrahm,12/2/2016,5/22/2021,Male,88863 Nova Crossing
331,Merna,Claughton,8/12/2020,5/20/2018,Female,0 Pierstorff Plaza
332,Kassie,Cordeiro,1/19/2017,11/27/2018,Male,7 Forster Junction
333,Olav,Batts,8/5/2020,12/24/2017,Male,91337 Artisan Crossing
334,Zebadiah,Gamblin,1/25/2019,12/29/2020,Male,7 Butterfield Trail
335,Towney,Yerrell,8/21/2019,12/7/2019,Male,1 Brickson Park Court
336,Margy,Meritt,7/14/2017,10/28/2020,Female,995 Myrtle Pass
337,Garvey,Greber,12/26/2017,11/27/2018,Female,3 Novick Alley
338,Shena,Gerrels,1/14/2018,4/12/2017,Female,4998 Farwell Way
339,Kenon,Ditter,5/19/2019,9/7/2017,Male,12782 Westport Crossing
340,Christabella,Dicky,10/4/2016,12/14/2016,Female,503 David Street
341,Nadean,Gierardi,1/21/2017,9/25/2019,Male,32 Prairieview Way
342,Roy,Truitt,2/14/2020,4/10/2018,Male,9 Heffernan Court
343,Vivia,Broome,10/20/2017,1/17/2021,Female,599 Lakeland Hill
344,Ursulina,Offner,7/14/2020,1/24/2019,Female,8 Boyd Junction
345,Britt,Callaby,12/14/2016,1/24/2020,Female,81953 Pond Avenue
346,Jacquelynn,Dory,5/29/2018,9/27/2018,Female,3 Donald Drive
347,Marna,Manueau,2/26/2019,11/6/2019,Female,48 Rusk Point
348,Ivor,Durie,2/26/2020,7/10/2017,Female,2 La Follette Lane
349,Hetti,Verick,9/26/2019,10/28/2018,Female,2 Mariners Cove Way
350,Fredrika,Hackey,1/20/2021,11/16/2017,Male,45711 Kinsman Circle
351,Correy,D'Alwis,4/30/2020,1/20/2019,Male,44 Huxley Drive
352,Jarid,Rhoddie,9/10/2017,8/3/2019,Male,4743 Sundown Hill
353,Sebastien,Delhay,5/31/2018,3/27/2017,Female,8516 Lawn Parkway
354,Laura,Doret,1/10/2018,10/23/2016,Male,15204 Brown Hill
355,Javier,Radish,2/20/2021,3/29/2020,Female,8364 Tomscot Junction
356,Helge,Salvati,11/4/2018,4/11/2020,Male,8159 Main Lane
357,Kerrin,Browncey,6/29/2017,6/4/2021,Male,1 Crescent Oaks Parkway
358,Kylie,Escalante,11/18/2016,3/17/2018,Male,901 Little Fleur Street
359,Amberly,Dickey,12/10/2016,11/15/2020,Male,5257 Coolidge Street
360,Maureene,Aspital,10/3/2017,1/22/2020,Male,97971 Lerdahl Street
361,Fletcher,McGeachey,12/22/2020,12/23/2016,Male,9544 Utah Street
362,Forester,Garioch,11/28/2019,2/23/2019,Male,2 Dapin Park
363,Agathe,Gormley,11/29/2016,12/30/2018,Female,44 3rd Street
364,Allie,Kitcatt,9/1/2016,1/4/2019,Female,93 Sheridan Place
365,Bambie,Neissen,1/23/2018,10/2/2017,Female,277 Warner Point
366,Rozalin,Wasylkiewicz,2/4/2017,11/10/2018,Male,99656 Daystar Trail
367,Ban,Claussen,10/14/2016,5/18/2017,Male,68 Petterle Point
368,Babs,Scheu,1/17/2018,11/10/2017,Male,8221 Hoard Place
369,Gibb,Blanch,8/4/2017,10/12/2017,Female,66472 Mockingbird Center
370,Estel,Bisset,3/26/2019,9/8/2017,Female,2 Corry Way
371,Leupold,Keming,1/13/2020,12/21/2020,Female,9829 Ludington Center
372,Giulia,Frammingham,12/5/2018,4/14/2019,Male,23 Swallow Road
373,Prudence,Barthrup,1/30/2019,12/26/2018,Male,27 Talisman Circle
374,Waly,Tuft,8/16/2017,2/5/2017,Female,226 Sachtjen Alley
375,Gina,Vakhrushev,11/19/2017,12/9/2018,Female,292 Kenwood Parkway
376,Ange,Damrel,11/20/2016,11/26/2019,Female,936 Katie Hill
377,Nelie,Tarbin,11/25/2018,1/27/2021,Female,00 Amoth Avenue
378,Goldi,Torr,1/29/2018,3/9/2021,Male,1 Montana Junction
379,Jorgan,Pilbury,8/23/2017,3/21/2018,Male,85409 Debra Way
380,Gal,Bartolomeu,12/4/2016,10/18/2018,Female,359 Northfield Trail
381,Alexandros,Goody,1/10/2017,7/25/2021,Male,82177 Bartillon Alley
382,Udell,Bertson,2/25/2021,4/3/2021,Female,78 Harbort Trail
383,Domenic,Winkworth,8/18/2019,10/18/2020,Female,29105 Bay Pass
384,Travis,Paxforde,2/9/2019,3/24/2018,Female,797 Blue Bill Park Alley
385,Joly,Puttick,4/28/2019,3/3/2018,Male,930 Bayside Alley
386,Keslie,Winram,8/15/2017,10/15/2020,Female,52 Haas Terrace
387,Maryjo,Firks,9/24/2016,1/2/2018,Male,856 Steensland Point
388,Odie,Daltry,3/27/2017,11/24/2018,Female,985 Meadow Vale Junction
389,Clovis,Forsard,12/28/2019,12/2/2016,Male,6 Transport Hill
390,Doroteya,Pear,12/28/2020,11/21/2020,Male,4 Fremont Lane
391,Dixie,Aitkenhead,6/27/2021,10/17/2017,Male,5 Lukken Avenue
392,Arman,Bruyet,11/12/2020,10/27/2018,Male,31355 Washington Terrace
393,Niel,Dillistone,10/13/2018,5/9/2017,Female,039 Esker Way
394,Ami,Dibdin,9/26/2020,12/4/2016,Female,84 Lighthouse Bay Road
395,Mord,Ornils,10/9/2020,11/5/2016,Female,2 Parkside Lane
396,Wynnie,Spens,8/25/2020,6/23/2021,Female,7042 Saint Paul Drive
397,Rurik,Trice,3/7/2017,9/17/2018,Male,64 Sauthoff Park
398,Rebecka,Peyto,1/14/2017,9/29/2016,Male,458 Steensland Pass
399,Cori,Swainson,6/24/2020,10/24/2016,Male,6574 Forest Run Point
400,Annabela,Moors,11/20/2018,10/22/2019,Female,054 Cardinal Drive
401,Serena,Stollsteiner,6/14/2020,9/2/2020,Female,16 Forster Park
402,Cordie,Phethean,10/7/2016,4/24/2018,Male,41 Drewry Alley
403,Peta,Chatainier,9/6/2019,6/1/2017,Female,217 Manufacturers Road
404,Seward,Napleton,5/25/2020,12/17/2017,Male,56 Hollow Ridge Lane
405,Bella,Tremolieres,7/29/2019,7/29/2018,Female,8496 Reinke Point
406,Kamila,Jaxon,4/21/2019,7/12/2017,Female,49 Melody Way
407,Katalin,Estabrook,6/28/2019,12/21/2017,Female,880 Stuart Street
408,Wood,Colleymore,9/8/2017,12/6/2020,Male,40 Warbler Place
409,Drusilla,Chesman,1/15/2021,7/16/2019,Female,8 Pawling Alley
410,Gilemette,Fery,10/27/2016,12/14/2019,Male,9652 Westport Plaza
411,Wyn,Ripsher,1/12/2021,3/10/2019,Female,4 Eastlawn Center
412,Laney,Connachan,4/5/2018,5/26/2019,Male,531 Northwestern Terrace
413,Wenonah,Scholz,12/1/2020,3/23/2019,Female,2 Daystar Crossing
414,Kit,Treeby,7/14/2021,4/7/2019,Female,4 Graceland Pass
415,Lotty,Erie,1/5/2018,6/7/2021,Male,9480 Center Street
416,Lock,Matherson,4/10/2018,9/7/2018,Female,4798 Sloan Road
417,Halsey,Fowls,1/7/2019,4/21/2017,Female,6 Warner Circle
418,Sandro,Pinchen,1/17/2020,4/19/2018,Male,486 Maryland Terrace
419,Skell,Clelle,5/19/2018,8/16/2017,Male,5 American Ash Parkway
420,Jaquelyn,Barlow,6/21/2019,11/8/2016,Female,930 Welch Center
421,Jackqueline,Linbohm,9/25/2017,4/23/2021,Female,317 Marquette Hill
422,Fleurette,Allanson,6/30/2019,4/14/2020,Male,7 Gateway Parkway
423,Cornall,Bullivant,6/20/2019,1/5/2020,Female,150 Loeprich Pass
424,Worden,Sitlington,5/23/2020,5/16/2020,Male,5 8th Trail
425,Filippo,Rickword,11/13/2016,10/7/2019,Male,574 Sullivan Way
426,Roseanna,Thurber,10/7/2019,5/4/2020,Female,6436 Hoard Circle
427,Parsifal,Jopp,12/2/2016,7/20/2019,Male,07890 Sachs Center
428,Joya,Dalgarno,10/11/2016,5/25/2019,Male,8712 Schmedeman Park
429,Allegra,Blanchard,3/5/2019,6/4/2018,Female,69 Iowa Road
430,Isidore,Butterworth,5/25/2021,2/24/2020,Male,9229 Manitowish Place
431,Hagen,Dowker,10/1/2018,7/11/2018,Male,3953 Summerview Lane
432,Cassie,Benoy,6/1/2019,2/19/2021,Female,6 Atwood Circle
433,Peirce,Barbera,9/30/2018,5/13/2019,Male,9444 Emmet Crossing
434,Graehme,Mayston,5/11/2019,12/12/2016,Female,71 Bartillon Plaza
435,Nita,Casolla,10/18/2016,6/12/2020,Male,605 Sundown Park
436,Leia,Hebburn,1/9/2017,3/8/2019,Male,303 Miller Road
437,Kerr,Birkbeck,6/2/2020,4/12/2018,Male,9 Kingsford Parkway
438,Pembroke,Nerger,12/17/2020,12/11/2019,Male,725 Amoth Circle
439,Haze,Hillett,8/19/2018,3/29/2019,Female,9516 Delladonna Alley
440,Tabby,Roff,6/18/2019,3/23/2021,Male,25200 Gulseth Circle
441,Corny,Relfe,7/28/2018,10/2/2019,Female,40308 Northland Hill
442,Fan,Gilderoy,10/1/2019,11/19/2017,Female,5 David Pass
443,Ado,Sowray,5/17/2020,8/18/2018,Male,3 Vera Point
444,Noemi,Wedgbrow,7/18/2019,6/6/2020,Male,568 Armistice Parkway
445,Duke,Gudyer,10/10/2018,12/4/2017,Male,188 Katie Way
446,Dewain,Verry,1/28/2017,7/24/2020,Female,9 Glendale Crossing
447,Base,Jameson,7/25/2021,5/10/2021,Male,35010 Buell Place
448,Maurine,Ingleton,10/7/2020,4/17/2018,Male,5467 Stone Corner Trail
449,Rona,Bance,3/23/2017,11/10/2016,Female,873 Spenser Parkway
450,Melamie,Mann,10/5/2020,5/11/2020,Female,72078 Autumn Leaf Drive
451,Dorelle,Seman,7/8/2018,7/3/2021,Female,87 Nova Court
452,Dorena,Dahl,12/6/2016,8/31/2018,Female,98 Kings Circle
453,Aloysius,Tansly,1/26/2020,2/9/2017,Female,79770 Russell Pass
454,Ivette,Seddon,5/4/2019,1/9/2019,Female,13 Warrior Crossing
455,Sascha,Sullivan,2/22/2020,1/7/2021,Female,27 Fulton Street
456,Cissy,Whitsey,5/7/2021,5/10/2017,Female,372 Spohn Avenue
457,Gretal,Flieger,5/6/2019,4/5/2019,Male,46264 Novick Way
458,Martynne,Metzel,10/6/2020,6/27/2021,Female,02692 American Ash Hill
459,Boyd,Appleton,7/5/2018,1/29/2019,Female,935 Randy Way
460,Zorina,Swinnard,9/10/2020,1/6/2020,Female,03 Delaware Point
461,Claire,Tremaine,5/3/2019,7/31/2020,Female,526 Stang Pass
462,Binky,Sagg,5/3/2021,9/24/2019,Male,87407 Algoma Crossing
463,Lurleen,Petschel,12/8/2019,5/18/2018,Female,45 Springs Pass
464,Alejoa,Fittall,10/7/2016,6/21/2020,Male,47467 Algoma Road
465,Verine,Le Noir,5/4/2018,7/28/2017,Female,6 Duke Way
466,Brinna,Fain,1/26/2017,5/26/2017,Female,3 Cambridge Plaza
467,Yanaton,Perrelle,6/19/2020,3/14/2021,Female,5832 Old Shore Road
468,Neilla,Bourcq,12/31/2016,9/4/2016,Male,13 John Wall Park
469,Noemi,Arrigucci,1/16/2021,3/28/2019,Male,9 Eliot Pass
470,Dewitt,Learmont,12/13/2019,11/29/2016,Male,3811 Bay Road
471,Maggie,Clayill,1/27/2018,9/30/2016,Male,71342 Buhler Drive
472,Harald,Argente,6/28/2021,5/8/2021,Female,5 Pawling Circle
473,Dorree,Meneyer,9/7/2017,5/9/2021,Female,884 Meadow Ridge Park
474,Basilius,Dade,10/29/2018,3/4/2018,Female,41597 Ridgeway Place
475,Lela,Vella,3/4/2019,4/15/2018,Female,649 Surrey Alley
476,Kerry,Shefton,9/20/2016,4/19/2017,Female,296 Walton Park
477,Gayle,Cassius,12/20/2020,7/17/2019,Female,75 Merchant Terrace
478,Benni,Haggas,2/10/2018,12/11/2020,Female,34253 Manufacturers Plaza
479,Carlita,Noddings,2/16/2021,10/18/2018,Female,5 Amoth Trail
480,Fidelia,Swindells,6/11/2017,11/5/2018,Male,30102 Ilene Avenue
481,Martha,Gilling,3/12/2019,5/21/2019,Male,29 New Castle Park
482,Lishe,Lomond,2/24/2019,10/1/2018,Male,47 Southridge Crossing
483,Elmer,Greatrakes,8/10/2020,12/10/2017,Male,2418 Mitchell Park
484,Eimile,Hegerty,11/30/2019,9/21/2016,Female,76240 Victoria Hill
485,Penny,Garstang,3/21/2019,7/29/2018,Female,898 Luster Circle
486,Lia,Gommery,2/5/2018,6/13/2017,Female,998 Marquette Plaza
487,Janifer,Swoffer,1/9/2017,2/15/2020,Male,33023 Scofield Pass
488,Engelbert,Imesson,8/3/2018,3/18/2021,Female,47556 Stang Terrace
489,Renault,Dutnall,12/31/2019,6/13/2018,Male,0673 Fremont Circle
490,Feodora,Watchorn,7/26/2018,5/21/2020,Female,15 Hazelcrest Drive
491,Chrystal,Blundell,10/4/2018,2/22/2019,Male,88644 Veith Drive
492,Eustace,Emnoney,7/2/2018,6/23/2021,Male,74 Leroy Road
493,Vicky,Worts,6/23/2017,1/31/2021,Female,338 Laurel Pass
494,Danyelle,Jeafferson,7/31/2018,2/25/2021,Female,722 Columbus Court
495,Reuven,Siddaley,11/13/2020,4/24/2021,Female,1759 Paget Place
496,Lucho,Pettigree,1/19/2019,1/4/2018,Female,800 South Alley
497,Archy,Leschelle,10/4/2019,7/1/2018,Male,97 Rockefeller Avenue
498,Klarika,Howsden,3/8/2018,3/27/2017,Female,37 Rusk Junction
499,Bonnibelle,McHenry,8/7/2020,10/4/2020,Female,51 Cordelia Alley
500,Charlena,Lally,10/23/2019,2/14/2019,Male,17715 Victoria Terrace
501,Deck,Niemiec,1/17/2019,3/30/2019,Male,62827 Kings Avenue
502,Marielle,Simmings,1/20/2021,6/19/2021,Female,7664 Sugar Avenue
503,Nydia,Pierucci,11/29/2019,12/17/2019,Female,54462 Utah Street
504,Chrisy,Soal,11/24/2020,12/14/2016,Female,9 Clyde Gallagher Park
505,Aldus,Di Roberto,12/30/2018,7/2/2021,Male,8014 Mifflin Park
506,Heidi,Trace,2/21/2020,5/5/2018,Female,861 Crowley Avenue
507,Elonore,Linggood,1/6/2020,12/2/2019,Female,2417 Texas Way
508,Charmian,Stolli,10/5/2019,9/8/2016,Female,4762 Lakewood Gardens Alley
509,Sandye,Greenough,6/14/2021,8/27/2018,Female,272 Coleman Lane
510,Maressa,Round,10/18/2019,3/3/2021,Female,3836 Waubesa Park
511,Helen-elizabeth,Klehn,6/27/2021,1/14/2018,Male,7985 Arapahoe Parkway
512,Lilith,Wyett,6/8/2018,10/16/2020,Female,5294 Main Place
513,Abbey,Rehm,11/17/2016,8/19/2019,Female,9349 Eagle Crest Alley
514,Larissa,Kinglesyd,2/23/2020,3/1/2019,Female,2 Coleman Trail
515,Holly,Adanez,12/5/2020,2/5/2020,Male,4 Southridge Parkway
516,Englebert,Coye,7/4/2018,12/5/2018,Female,9885 Elmside Parkway
517,Grier,Tures,2/16/2021,3/23/2018,Female,87036 Truax Alley
518,Ede,Kerbler,10/12/2016,7/3/2019,Male,0267 Forest Run Plaza
519,Zackariah,Bertome,11/15/2018,1/30/2019,Male,5384 Burning Wood Alley
520,Delilah,Franciskiewicz,7/15/2017,8/31/2019,Male,012 Bellgrove Way
521,Godfree,Deftie,5/9/2020,12/7/2017,Male,61 Blue Bill Park Junction
522,Yolane,Daelman,5/18/2019,4/14/2021,Female,32 Tennessee Trail
523,Daphne,Deyenhardt,3/29/2021,12/16/2017,Male,7870 Holy Cross Parkway
524,Noreen,Snalom,9/24/2019,3/20/2019,Female,913 Montana Crossing
525,Beret,Hobson,6/23/2017,9/19/2020,Male,51 Maple Junction
526,Pepillo,Gentner,1/20/2017,8/10/2018,Female,83849 Northwestern Lane
527,Nadean,Twentyman,6/6/2021,5/10/2019,Female,1285 Johnson Street
528,Pearl,Rudeforth,2/24/2018,11/29/2016,Female,49156 Mesta Place
529,Germana,Doram,4/3/2019,8/13/2018,Male,51 Tony Point
530,Walden,Duxbury,10/2/2019,11/18/2020,Female,759 Holy Cross Court
531,Lincoln,Klimas,3/28/2021,9/6/2018,Female,7 Loftsgordon Lane
532,Adolf,Braben,5/16/2020,7/10/2017,Male,5 Rockefeller Hill
533,Gilbertina,Gordon,8/7/2019,10/16/2020,Female,900 Iowa Street
534,Alejandra,Kuscha,8/10/2017,7/23/2021,Female,7976 Bunting Pass
535,Gustavus,Fallis,2/14/2021,2/18/2021,Female,42 Grim Court
536,Yvonne,Pieter,6/9/2020,12/6/2016,Female,39 Hollow Ridge Court
537,Ilene,Boarer,1/17/2020,12/5/2020,Male,882 Morrow Drive
538,Gabbi,Moncarr,8/7/2020,10/30/2019,Male,04730 Bowman Alley
539,David,Kisar,5/25/2021,12/1/2017,Male,51191 Dovetail Pass
540,Roberta,Neicho,5/7/2019,6/3/2018,Male,1 Glacier Hill Court
541,Maxy,Cerman,11/4/2017,9/13/2020,Female,2923 Holmberg Lane
542,Hyacinthe,Gillet,1/20/2018,9/29/2018,Female,47435 Union Park
543,Arliene,Laxen,9/22/2017,12/16/2018,Male,91 Park Meadow Lane
544,Ryley,Pavlenkov,7/17/2021,1/9/2021,Male,7 Badeau Hill
545,Tomasine,Fairey,7/17/2017,9/18/2018,Male,7893 6th Terrace
546,Vikki,Grace,9/1/2020,6/10/2020,Male,9 Donald Point
547,Kevan,Dibbin,1/6/2018,11/11/2018,Female,0 Stoughton Crossing
548,Mickie,Novill,4/2/2018,11/13/2018,Female,81213 Reinke Avenue
549,Minni,Fonte,2/8/2021,12/12/2018,Male,91051 Evergreen Avenue
550,Hedwig,Leaves,3/7/2021,10/29/2017,Male,5168 Toban Plaza
551,Celia,Fawbert,12/25/2017,11/2/2017,Male,8933 Sloan Court
552,Phillie,Abramowsky,9/13/2016,8/24/2017,Female,140 Florence Plaza
553,Brodie,Olekhov,11/16/2019,7/13/2020,Female,6 Gerald Pass
554,Hedvige,Alten,6/28/2019,8/1/2018,Male,6137 Hudson Drive
555,Cathryn,Atterley,5/4/2017,3/11/2019,Male,75246 Norway Maple Plaza
556,Trueman,Raylton,1/3/2017,7/24/2019,Male,83264 Arizona Center
557,Ninette,Covely,10/7/2020,12/7/2020,Female,61416 Petterle Pass
558,Robbin,Booler,7/28/2020,3/4/2017,Male,76644 Garrison Avenue
559,Elfie,Howgate,6/19/2020,5/3/2017,Male,31 Iowa Trail
560,Glenn,Bratcher,2/13/2018,10/3/2017,Male,125 Alpine Alley
561,Loria,Teissier,8/20/2017,3/26/2020,Female,1422 Farwell Alley
562,Lew,Rawson,4/9/2017,11/5/2018,Female,35 Tennyson Park
563,Brien,Gowdy,12/19/2018,1/31/2017,Female,877 Debra Road
564,Ginelle,Pamphilon,3/28/2017,12/12/2018,Male,71 Village Center
565,Ettie,Reely,9/18/2019,3/14/2020,Male,66630 Jana Lane
566,Sly,Rushbrooke,7/14/2019,8/7/2017,Female,99678 Clove Drive
567,Conchita,Pretley,9/25/2017,5/28/2018,Male,50 Randy Junction
568,Elsworth,Bovis,12/5/2016,6/29/2017,Female,19 Norway Maple Lane
569,Jonah,Dyzart,11/14/2018,11/9/2018,Male,05592 Parkside Junction
570,Em,Cund,1/9/2021,6/12/2019,Female,923 Longview Avenue
571,Marietta,Mertel,5/28/2017,5/16/2021,Male,0734 Summer Ridge Alley
572,Kayley,Plevin,12/30/2017,7/13/2021,Female,2 Park Meadow Terrace
573,Kelcy,Sheere,2/15/2021,7/10/2021,Female,473 Hintze Drive
574,Lynette,Allright,7/27/2020,10/6/2018,Female,2333 Mockingbird Court
575,Estella,Dominighi,3/21/2018,8/5/2017,Female,11 Chinook Park
576,Kelcey,Addie,12/2/2016,5/29/2017,Male,38161 Northwestern Plaza
577,Aime,De Roeck,10/13/2020,6/21/2017,Female,86253 Mcbride Junction
578,Jacquenette,Duckitt,5/12/2018,10/7/2018,Female,3 Everett Park
579,Lemmy,Haggleton,7/21/2019,8/10/2019,Female,721 Pleasure Road
580,Jeniece,Skarin,10/23/2020,2/17/2020,Female,2 Eagan Junction
581,Darill,Pask,9/2/2017,4/18/2018,Male,836 Reindahl Crossing
582,Erminie,Ascraft,2/14/2018,7/6/2018,Male,694 Kenwood Alley
583,Warren,Munnings,2/18/2020,10/16/2019,Female,5 Dixon Center
584,Eddy,Glentz,9/6/2020,6/12/2020,Male,82 Mifflin Circle
585,Regine,Norville,2/24/2020,11/10/2020,Female,026 Memorial Hill
586,Inglis,Joriot,7/22/2018,2/9/2018,Female,0839 Utah Park
587,Demetria,Darch,9/21/2020,4/27/2020,Female,93236 Roxbury Road
588,Audra,Tootal,1/10/2017,9/21/2017,Male,28 Bellgrove Junction
589,Lorena,Annell,4/6/2018,7/31/2020,Female,2392 Hazelcrest Road
590,Lucho,Spalls,10/27/2019,12/18/2018,Female,05070 Transport Street
591,Florance,Hatherley,3/19/2018,12/10/2017,Male,80 Jenifer Junction
592,Myriam,Toffler,3/1/2020,7/29/2019,Female,008 Sachs Point
593,Germain,Spradbery,6/24/2021,11/5/2017,Female,03 Commercial Hill
594,Elane,Dearan,1/21/2020,6/6/2021,Female,6 Clemons Plaza
595,Yul,Howle,3/6/2021,8/14/2017,Male,4 Johnson Pass
596,Toma,Lindmark,6/30/2021,11/20/2017,Female,4 Clemons Alley
597,Clevie,Rockwill,1/3/2019,6/22/2019,Male,09484 4th Crossing
598,Alexis,Carley,5/17/2017,8/20/2018,Male,69232 Porter Hill
599,Dar,Spieck,4/1/2021,7/29/2020,Female,33394 Londonderry Way
600,Art,Petr,5/14/2019,8/7/2018,Male,11763 Clove Parkway
601,Deedee,Indruch,6/29/2021,10/15/2016,Male,2 Stephen Hill
602,Mariann,Bedminster,10/12/2018,2/17/2018,Female,2 Corben Crossing
603,Noelyn,Rigbye,9/6/2019,3/6/2019,Male,97895 Dapin Crossing
604,Lynnette,Kempstone,2/23/2017,10/2/2016,Male,0938 Valley Edge Street
605,Udale,Biford,11/19/2017,12/14/2020,Male,971 6th Avenue
606,Graham,Grunnell,1/6/2017,8/17/2019,Female,534 Northfield Avenue
607,Melantha,Matyushkin,8/11/2017,12/26/2016,Male,31 Brickson Park Drive
608,Belva,Kobu,4/20/2018,12/16/2019,Female,2546 Delaware Plaza
609,Niko,Regorz,6/6/2019,2/26/2021,Female,5 Jana Crossing
610,Felicia,Grigolli,3/26/2019,4/23/2018,Female,84 Rigney Hill
611,Agnella,Bolletti,11/26/2019,11/16/2019,Female,27 Gateway Way
612,Christian,Kerin,10/6/2016,4/27/2017,Female,3 Arrowood Point
613,Amelina,Goulden,9/2/2019,11/7/2017,Female,73308 Monica Way
614,Chris,Laugheran,10/12/2017,4/28/2017,Female,08967 Schlimgen Hill
615,Jaquenette,Callander,3/30/2018,11/8/2016,Male,8398 Coleman Avenue
616,Bing,Maskall,1/30/2021,7/31/2020,Female,61 Stephen Street
617,Roarke,Fauguel,4/17/2021,7/3/2021,Female,2 Thackeray Plaza
618,Krista,Vian,12/4/2017,7/12/2017,Female,7 Rutledge Plaza
619,Roxie,Philpotts,4/27/2021,6/26/2018,Male,0 Alpine Center
620,Missy,Lamps,5/5/2019,5/26/2018,Male,6861 Dovetail Alley
621,Luigi,Siemandl,4/26/2020,2/24/2020,Female,66 Manufacturers Way
622,Burg,Rumbold,1/2/2021,3/16/2018,Female,8 Annamark Center
623,Agnese,Beavon,6/3/2018,8/28/2018,Male,1280 Farwell Park
624,Jocelyne,Macklam,7/19/2021,8/27/2020,Male,79168 Northridge Street
625,Anastasie,Stollen,9/22/2019,7/9/2018,Male,95238 Bay Park
626,Ola,Conyers,7/14/2018,8/11/2017,Female,33 Heath Alley
627,Frannie,Boston,4/14/2018,2/21/2021,Male,428 Meadow Ridge Parkway
628,Ana,Rawkesby,6/5/2019,2/13/2017,Female,2 Golf View Crossing
629,Paige,Draysay,11/1/2020,8/1/2017,Male,883 Delaware Plaza
630,Annabella,Hoyles,6/24/2019,10/22/2016,Female,6 School Street
631,Kassey,Jopp,10/14/2019,10/1/2019,Male,02 Bluestem Terrace
632,Arnold,Allsepp,3/7/2017,10/5/2017,Male,46715 Granby Plaza
633,Henriette,Monkhouse,3/9/2018,3/27/2017,Male,028 Thierer Street
634,Rasia,Traviss,5/16/2017,2/13/2019,Male,8235 Buell Parkway
635,Ulrikaumeko,Gaspar,1/17/2019,6/12/2017,Female,602 Transport Plaza
636,Tabby,Duiged,10/3/2019,2/24/2018,Female,36397 Maple Wood Place
637,Gussi,Archbald,8/21/2018,4/13/2017,Female,4 Erie Road
638,Delmor,Tackell,12/25/2019,4/25/2020,Female,0862 Paget Center
639,Tabitha,Tillyer,12/20/2018,9/25/2016,Male,3477 Clove Drive
640,Ardra,Compson,12/2/2018,4/8/2018,Female,6 Hintze Crossing
641,Willi,Knifton,4/8/2021,3/23/2018,Male,825 Thierer Drive
642,Bobby,Water,4/13/2020,6/24/2021,Male,28882 Stephen Trail
643,Hal,Ottewill,5/4/2017,8/3/2019,Female,99 Corry Alley
644,Brett,Ferreli,6/22/2017,10/27/2019,Female,2 Anderson Way
645,Oren,Peegrem,4/1/2017,6/9/2019,Male,885 Pierstorff Crossing
646,Gates,Weippert,6/6/2021,10/6/2020,Male,9535 Pearson Center
647,Belicia,Leeburne,8/27/2019,5/26/2020,Male,19165 Pine View Junction
648,Janek,Dukelow,7/17/2021,7/23/2021,Male,36 Fair Oaks Drive
649,Eugene,Coundley,11/20/2018,10/29/2020,Female,21 Coleman Hill
650,August,Commuzzo,7/21/2021,12/28/2017,Female,0477 Golden Leaf Avenue
651,Mortie,Gladtbach,1/26/2019,3/31/2017,Male,8 Weeping Birch Court
652,Falito,Raspison,10/21/2016,2/26/2021,Male,0770 Swallow Alley
653,Harper,Stelle,6/21/2020,7/23/2017,Female,55 Sherman Way
654,Tabbie,D'Aulby,9/23/2019,3/9/2019,Female,7 Emmet Place
655,Lorne,Juste,4/15/2020,8/25/2020,Female,39458 Lindbergh Hill
656,Issy,Camble,7/20/2020,6/18/2019,Female,59 Swallow Street
657,Dyann,Crady,6/21/2021,4/22/2018,Male,9 Sage Point
658,Edgar,Arnau,12/30/2020,6/21/2017,Female,76808 Onsgard Hill
659,Dawn,Roome,1/29/2018,12/18/2016,Male,0 Trailsway Terrace
660,Minnaminnie,Lanyon,12/24/2016,8/2/2018,Male,04771 Florence Trail
661,Anson,Simmens,12/11/2016,11/5/2019,Female,13839 Porter Plaza
662,Flossy,Foan,11/18/2020,7/6/2020,Female,76120 Coleman Avenue
663,Britni,Beevis,8/19/2020,4/13/2017,Male,46 Ridgeview Way
664,Casar,Abriani,5/21/2020,8/19/2019,Female,6015 Di Loreto Parkway
665,Cary,Treneer,12/7/2020,9/25/2019,Female,67155 Declaration Plaza
666,Ilaire,Sarre,2/20/2021,3/3/2020,Male,65674 East Street
667,Lizette,Trethewey,4/19/2019,4/2/2020,Female,85716 Loftsgordon Park
668,Winslow,Anglim,10/27/2020,8/24/2020,Female,55 Butterfield Street
669,Morrie,Donovin,11/17/2018,6/14/2021,Male,94882 Anderson Plaza
670,Roby,Baigent,5/2/2020,8/23/2017,Male,8697 Becker Terrace
671,Filberte,Mence,3/7/2017,11/13/2016,Male,46 Jay Plaza
672,Beatrisa,Haslegrave,3/28/2017,5/9/2020,Male,9 Bowman Road
673,Katleen,Ranby,7/12/2021,8/26/2020,Male,65290 Homewood Drive
674,Bucky,Tees,9/15/2018,2/15/2020,Male,3681 Wayridge Circle
675,Tracey,Wombwell,2/10/2017,11/6/2019,Male,2 Crownhardt Crossing
676,Harriet,Whoston,3/28/2019,9/21/2016,Female,8 Tomscot Place
677,Mercedes,Prinn,11/26/2018,11/11/2018,Male,70262 Shelley Alley
678,Garrett,Sleigh,10/25/2016,6/22/2017,Female,69 East Junction
679,Kerstin,Aulton,2/5/2017,9/13/2019,Female,1243 Thackeray Street
680,Damara,Brady,9/6/2018,6/10/2019,Male,09 6th Circle
681,Salim,Hankins,4/28/2019,3/19/2017,Male,47 Carpenter Court
682,Nesta,Andor,4/24/2017,7/20/2021,Female,1372 Jenifer Point
683,Meghan,Taunton.,5/27/2019,12/10/2019,Male,55 8th Court
684,Ashla,Greydon,10/19/2017,3/7/2018,Male,79 Butternut Place
685,Nissie,Nisuis,10/30/2017,9/28/2017,Male,87077 Buell Pass
686,Reidar,Symmers,7/19/2017,9/17/2016,Male,776 8th Alley
687,Denny,Aldersey,1/26/2021,10/27/2018,Male,5 Leroy Hill
688,Lurline,Louth,6/8/2020,8/19/2019,Female,4 Lighthouse Bay Place
689,Avis,Karlolak,2/18/2020,3/18/2020,Male,4107 Pawling Avenue
690,Cori,Camplin,7/1/2021,7/13/2019,Male,7 Cherokee Hill
691,Karena,Ahlin,9/2/2020,9/3/2020,Female,62023 Del Mar Alley
692,Jenda,O'Caherny,11/1/2020,8/27/2019,Female,554 Algoma Pass
693,Cal,Maden,8/8/2020,1/21/2017,Female,31 Grover Lane
694,Yorke,Siggin,11/20/2016,2/1/2021,Male,0025 3rd Parkway
695,Marion,Clail,6/23/2018,10/9/2020,Male,3280 Rutledge Drive
696,Nola,Everist,10/3/2016,3/9/2017,Female,27050 Roth Pass
697,Dennie,Cutridge,12/15/2018,4/22/2019,Male,8 Welch Terrace
698,Phylys,Rodenborch,5/11/2021,5/31/2018,Male,0833 Myrtle Hill
699,Roanne,Keenleyside,9/29/2018,8/12/2017,Male,480 Grover Junction
700,Faulkner,Westhead,12/26/2017,6/30/2017,Male,3 Burrows Trail
701,Guillemette,L'Episcopio,6/14/2021,8/7/2019,Female,8 Kensington Point
702,Birk,Tures,12/5/2016,11/2/2016,Male,9 Kingsford Crossing
703,Dorri,Orrah,3/6/2020,6/7/2020,Female,24163 Rowland Trail
704,Regina,Blakeman,5/16/2019,3/5/2021,Male,96421 Declaration Center
705,Ulrika,Crutchley,10/29/2017,3/11/2018,Male,80 Clyde Gallagher Terrace
706,Reinhard,Flaubert,12/19/2016,11/28/2018,Male,5614 Thompson Street
707,Danielle,Kinge,11/13/2018,8/20/2017,Female,13 Hoffman Hill
708,Witty,Czajkowska,2/18/2019,11/20/2018,Female,99056 3rd Park
709,Lesli,Casine,12/3/2019,6/11/2021,Female,8100 Oxford Road
710,Vivia,Edsall,6/14/2017,6/20/2020,Male,9393 Golf Course Avenue
711,Joyous,Littlejohns,3/2/2018,4/4/2017,Male,374 Holy Cross Point
712,Washington,Dmitr,8/2/2018,4/13/2019,Male,3 Hayes Pass
713,Uriel,Squelch,2/13/2017,10/3/2016,Male,65 Coolidge Circle
714,Walt,Lively,9/7/2018,12/19/2019,Male,56 Dahle Lane
715,Netty,Pheazey,9/18/2018,2/14/2018,Male,8 Dixon Parkway
716,Shaylah,Novis,7/10/2021,6/16/2021,Male,25 Mayfield Circle
717,Wendy,Kiraly,8/8/2017,9/27/2019,Female,10 Rigney Court
718,Bevan,Renbold,3/12/2020,1/7/2020,Female,44 Armistice Way
719,Constantino,Lortz,12/24/2020,9/9/2017,Female,8 Cascade Park
720,Ives,Nineham,2/15/2017,1/20/2019,Male,9291 Butterfield Park
721,Seline,Cammacke,5/24/2019,9/25/2018,Female,6296 Farmco Hill
722,Abbi,Diviny,3/11/2018,4/2/2017,Male,930 Shoshone Plaza
723,Cassandre,Giacomucci,4/23/2017,4/27/2020,Female,591 Lakewood Court
724,Jackelyn,Itzchaky,12/17/2020,5/26/2019,Female,45337 Karstens Way
725,Billie,Coll,2/2/2018,10/4/2020,Female,3181 Duke Hill
726,Woody,Chatband,4/30/2020,2/20/2018,Male,2 Doe Crossing Center
727,Eyde,Bunford,11/4/2017,12/7/2020,Female,9755 South Crossing
728,Ruttger,Linklet,1/9/2018,7/7/2017,Male,13660 Erie Pass
729,Inge,Dawid,12/23/2018,1/29/2018,Male,85767 Carioca Parkway
730,Grannie,Guard,4/13/2017,1/30/2018,Female,96179 Oak Valley Street
731,Gregor,Troman,1/15/2018,2/10/2017,Male,87 Dovetail Crossing
732,Jack,MacAndie,8/31/2019,8/21/2020,Female,68 Sachtjen Parkway
733,Aimee,Kinnie,2/19/2019,8/24/2019,Male,1550 Valley Edge Terrace
734,Brinna,Steers,5/28/2019,6/2/2020,Male,2 Delaware Center
735,Walsh,Tattersdill,9/6/2016,10/31/2019,Male,0 Bunting Junction
736,Townie,Pheazey,2/20/2019,12/20/2017,Male,02 Dawn Plaza
737,Rachele,Cordeiro,5/21/2021,6/22/2017,Male,561 Barnett Center
738,Garwood,Maryott,1/2/2020,1/29/2017,Male,04997 Nova Way
739,Natassia,Lipgens,7/17/2021,3/18/2020,Male,52 Northport Plaza
740,Hermina,Valentetti,10/27/2018,5/4/2020,Male,2 Fieldstone Street
741,Merralee,Slyde,1/17/2018,10/26/2019,Male,66709 Ridgeway Plaza
742,Grady,Langfield,6/13/2019,11/4/2020,Male,803 Bashford Hill
743,Harry,Ivashchenko,4/27/2021,2/27/2021,Male,3 Park Meadow Junction
744,Olenolin,Doumic,4/4/2019,9/27/2017,Male,09339 Packers Point
745,Butch,Connew,6/15/2020,3/15/2021,Female,8 Corscot Plaza
746,Roseanne,Mila,8/3/2019,1/13/2017,Female,55262 Judy Way
747,Dorise,Sinott,3/28/2021,1/15/2021,Male,501 Hintze Lane
748,Morganica,Woolward,3/15/2020,1/3/2017,Male,92440 Quincy Crossing
749,Heath,Malling,8/1/2020,8/25/2018,Female,714 Petterle Park
750,Nolana,Ketts,6/29/2020,12/1/2020,Male,93 Sugar Park
751,Eugen,Sills,9/25/2016,4/29/2019,Male,8599 Truax Junction
752,Aeriell,Colton,7/27/2020,3/29/2018,Female,840 Prentice Trail
753,Christoper,Kenn,2/28/2019,8/23/2017,Female,761 Springview Lane
754,Garold,Pignon,6/16/2020,2/25/2020,Male,58 Southridge Street
755,Janel,Beadman,4/28/2017,11/30/2018,Female,229 Arkansas Pass
756,Ingmar,Daldan,5/23/2018,9/25/2017,Male,117 Springs Junction
757,Cesar,Carwithan,4/28/2019,4/24/2017,Male,5497 Dorton Parkway
758,Danny,Garnson,12/25/2018,8/19/2019,Female,6016 Briar Crest Junction
759,Pietro,Hamblett,7/2/2020,9/10/2019,Female,4146 Mockingbird Alley
760,Annelise,Lewtey,12/9/2020,2/28/2019,Male,20 Little Fleur Terrace
761,Gerladina,Tale,11/10/2018,11/14/2016,Female,52207 Haas Place
762,Julia,Batstone,4/21/2020,8/30/2019,Female,116 Tony Pass
763,Jodee,Turfitt,11/30/2019,11/3/2018,Male,38 Glacier Hill Pass
764,Val,Tweede,12/31/2016,11/10/2020,Male,61529 Sullivan Point
765,Meggy,MacPharlain,6/26/2020,6/23/2019,Female,1546 Paget Parkway
766,Leshia,Furmage,1/29/2017,8/30/2020,Female,1774 Prentice Street
767,Silva,Hinners,7/20/2017,6/18/2020,Male,6 Tomscot Trail
768,Keven,Lankford,3/8/2020,5/11/2017,Female,86 Pankratz Place
769,Misti,Elsip,3/20/2021,10/31/2016,Female,456 Village Green Drive
770,Jordana,Winfindine,2/5/2020,12/7/2018,Male,0918 Commercial Street
771,Melody,Fesby,9/13/2019,3/22/2021,Female,3419 Quincy Street
772,Simone,Mantione,6/26/2020,12/26/2016,Male,760 Delladonna Hill
773,Ange,Barnett,3/25/2017,5/18/2018,Female,14 Ruskin Terrace
774,Emile,Flaxon,3/17/2018,8/2/2017,Female,579 Derek Way
775,Amberly,Brehault,12/20/2018,12/12/2017,Female,62883 Stephen Crossing
776,Denny,Weich,9/11/2018,3/16/2021,Female,52797 Rieder Drive
777,Raphael,Friend,10/8/2016,3/13/2017,Female,434 Hoffman Point
778,Clair,McAlpine,6/13/2018,12/17/2016,Male,54 Calypso Center
779,Isa,Romera,7/29/2017,9/4/2018,Female,96611 Dryden Drive
780,Hyacintha,Janiak,10/6/2016,7/12/2019,Male,10 Waxwing Hill
781,Libbie,Kochlin,9/30/2016,12/5/2019,Male,5 Lunder Center
782,Josie,Gianetti,1/26/2020,12/25/2020,Female,0532 Westridge Road
783,Kathe,Hinzer,10/2/2017,12/10/2017,Female,0 Bunker Hill Avenue
784,Timmie,Toulmin,7/19/2018,2/24/2021,Female,31587 Coleman Trail
785,Ingrim,Kiehl,5/19/2018,1/3/2018,Female,173 Portage Avenue
786,Calhoun,Carlisle,4/19/2021,4/3/2019,Male,70 Larry Point
787,Kristi,Arran,12/9/2018,11/29/2020,Male,483 Main Avenue
788,Artemus,Frankes,1/29/2021,11/17/2019,Male,32 Vahlen Parkway
789,Chad,Breadon,12/17/2020,6/2/2020,Male,98 Helena Pass
790,Ancell,Privost,11/1/2020,1/22/2018,Female,5089 Ohio Point
791,Alana,Fretter,4/21/2020,1/23/2019,Female,09177 Loeprich Lane
792,Sallee,Markussen,11/9/2020,9/20/2018,Male,39 Sachtjen Point
793,Ginnifer,Albasini,9/10/2016,10/30/2019,Female,191 Pierstorff Junction
794,Tomasine,Stellin,6/13/2021,6/15/2017,Male,08458 Beilfuss Road
795,Dreddy,Bloan,12/3/2020,8/5/2017,Male,75205 Basil Road
796,Elysia,Seymer,2/25/2020,2/4/2017,Female,786 Columbus Place
797,Alley,Joul,4/8/2018,2/18/2019,Female,504 3rd Trail
798,Ree,Nucci,2/25/2017,11/16/2016,Female,4936 Sugar Park
799,Lem,Backe,12/23/2018,6/15/2021,Female,540 Novick Street
800,Jacintha,MacIlwrick,3/18/2020,5/4/2020,Male,3981 Onsgard Lane
801,Lenna,Krysiak,3/6/2021,11/1/2020,Female,89171 Vernon Center
802,Rhody,Meegin,9/11/2020,3/10/2021,Male,16124 Esker Trail
803,Hewitt,Domegan,9/30/2016,7/17/2021,Female,045 Corben Avenue
804,Marabel,Danielsky,6/2/2019,9/20/2019,Female,9282 Independence Road
805,Winni,Windross,7/18/2020,5/24/2017,Male,04454 6th Hill
806,Cecilla,Brandle,6/18/2020,12/17/2018,Male,61243 Ludington Parkway
807,Ernest,Kumaar,4/9/2021,1/30/2018,Female,760 Morningstar Junction
808,Joanie,Mecco,4/26/2021,1/28/2019,Male,179 Mariners Cove Hill
809,Karia,Peabody,10/25/2020,5/13/2021,Female,9 Parkside Hill
810,Lizzy,Lotwich,7/5/2021,5/12/2021,Male,1797 Karstens Crossing
811,Selinda,Olley,5/14/2020,12/3/2020,Male,5 Monterey Plaza
812,Henderson,Ommundsen,5/20/2020,7/21/2020,Female,0 Anniversary Lane
813,Tracey,Barrowcliffe,5/30/2017,1/17/2017,Male,59 Saint Paul Alley
814,Gusti,Canet,4/16/2020,10/13/2016,Female,18880 Kedzie Trail
815,Tann,Stubbs,5/15/2020,10/2/2020,Female,42193 Oak Valley Center
816,Ronny,Ellph,8/24/2019,7/11/2018,Female,93 Mosinee Circle
817,Betty,Wheatman,8/24/2019,6/21/2019,Male,91655 Dakota Crossing
818,Rog,Panichelli,8/8/2018,12/12/2016,Male,0627 Miller Drive
819,Ashli,De Freyne,4/24/2018,10/13/2016,Female,2383 Forster Way
820,Had,Lamputt,3/24/2018,2/9/2020,Female,41 Sherman Drive
821,Ofelia,McComas,3/20/2019,7/1/2020,Male,466 Forest Dale Parkway
822,Robin,Dhennin,10/3/2018,11/14/2020,Male,3 Bayside Park
823,Cornie,Maudson,10/2/2019,4/29/2021,Male,52 Ilene Junction
824,Natala,Port,10/26/2020,1/1/2017,Male,65 Colorado Avenue
825,Isidore,Searle,12/22/2016,7/21/2021,Female,3 Sunbrook Hill
826,Reina,Rogister,3/30/2021,8/2/2020,Male,703 Garrison Point
827,Bettine,St. Ledger,7/11/2017,7/8/2018,Female,5 Parkside Crossing
828,Andy,Corben,10/15/2017,8/4/2020,Male,027 American Ash Lane
829,Winifield,Herley,9/22/2019,12/5/2017,Female,331 Victoria Court
830,Ferd,Whettleton,6/23/2017,5/17/2021,Male,54 Randy Alley
831,Timmie,Sidebottom,8/20/2017,10/31/2016,Male,2423 Bartelt Center
832,Verile,Brittain,1/5/2018,12/29/2020,Female,31 Butterfield Drive
833,Irene,Denington,3/10/2020,10/27/2017,Female,5711 Oneill Place
834,Rollie,Prujean,10/7/2020,5/14/2020,Male,84081 4th Drive
835,Danita,Berge,4/23/2021,6/7/2019,Male,7 Sloan Point
836,Joann,Sloyan,5/6/2019,8/13/2019,Male,6247 Menomonie Park
837,Sheffield,Walczynski,5/10/2020,9/18/2017,Male,5 Northview Way
838,Lynnelle,Laverty,3/15/2018,10/18/2018,Female,33 Dahle Pass
839,Harry,Auger,11/11/2016,9/15/2017,Female,429 Grover Trail
840,Devlen,Videneev,5/7/2020,4/29/2017,Male,258 Bowman Center
841,Mag,Kleehuhler,6/13/2017,6/30/2020,Male,668 Loomis Lane
842,Iorgos,Schuler,12/8/2017,8/31/2020,Female,8 Oakridge Street
843,Jose,Fairhurst,11/9/2016,9/8/2020,Female,69596 Hagan Alley
844,Margette,Gladdor,5/4/2019,6/14/2019,Male,04 Hoepker Road
845,Cleveland,Cawker,12/29/2016,10/4/2020,Female,57151 Weeping Birch Junction
846,Allyn,Davenhill,6/29/2018,11/5/2019,Male,56 Del Sol Drive
847,Deina,McGrouther,10/20/2018,4/7/2020,Male,9761 Fisk Center
848,Keary,Joannidi,7/16/2020,9/26/2016,Male,22984 Amoth Street
849,Christophorus,Marcinkowski,6/9/2021,1/12/2021,Male,14 Namekagon Street
850,Dasya,de Clerq,6/9/2018,4/6/2017,Female,531 Holy Cross Junction
851,Kerry,Hissie,3/6/2019,9/17/2017,Male,58 Hooker Crossing
852,Thorvald,Meeus,10/25/2017,2/5/2019,Female,5171 Grim Drive
853,Clyve,Pound,9/20/2017,10/12/2018,Male,30 Mariners Cove Pass
854,Donnamarie,Cockin,2/17/2018,5/24/2018,Male,8515 Bartillon Hill
855,Carolina,De Robertis,8/14/2020,5/4/2020,Female,43 Jana Way
856,Quint,Todarello,9/1/2017,3/16/2021,Female,6214 Farwell Crossing
857,Any,Bahia,4/5/2020,11/10/2017,Male,5 Oakridge Parkway
858,Carol,Butteris,2/12/2021,4/7/2017,Female,6723 Gateway Alley
859,Wilbur,Maffione,5/30/2018,5/10/2019,Male,646 Sundown Drive
860,Lacy,Leebeter,7/19/2018,12/7/2017,Female,37 Banding Street
861,Cliff,Bulford,9/1/2019,12/9/2018,Female,93093 Algoma Drive
862,Jewel,Faire,5/28/2021,9/30/2016,Female,52 Pankratz Park
863,Olenka,Ciardo,7/2/2021,5/30/2020,Female,9257 Kipling Place
864,Evelin,Herety,7/3/2017,6/23/2020,Male,1960 Sheridan Avenue
865,Davis,Milward,10/16/2017,4/18/2017,Female,08 Melrose Street
866,Abrahan,Budleigh,9/16/2016,4/22/2021,Male,23919 Pleasure Alley
867,Kiele,Leivesley,6/5/2019,6/20/2017,Male,56490 Dryden Circle
868,Rhianon,Climer,8/13/2019,4/12/2018,Female,7 Montana Avenue
869,Bea,Egre,3/25/2019,6/16/2021,Female,3569 Oxford Plaza
870,Rahel,Whipple,2/6/2020,1/19/2020,Male,6193 Jana Avenue
871,Jeannine,Kyles,2/14/2017,10/6/2016,Male,68328 Mayfield Street
872,Rosene,Kiefer,7/23/2021,11/20/2020,Male,1 Esch Parkway
873,Benton,Matson,1/29/2017,1/27/2020,Female,2 Westend Alley
874,Shara,Pechard,11/29/2018,3/14/2020,Female,5335 Stuart Plaza
875,Mallorie,Arlett,7/31/2020,5/12/2021,Female,4 Sundown Parkway
876,Salvatore,Jenney,10/11/2017,3/31/2017,Male,04 International Parkway
877,Edik,Lesmonde,1/19/2017,12/15/2017,Female,9 Logan Parkway
878,Wildon,Coite,4/8/2017,11/4/2020,Male,04 Kinsman Junction
879,Ellie,Gillinghams,7/19/2021,3/6/2018,Male,8730 Becker Circle
880,Carson,Livezey,3/11/2017,5/14/2021,Female,4 Sachs Place
881,Brigida,Palethorpe,11/28/2020,9/9/2019,Female,8 Hollow Ridge Avenue
882,Lesley,Ficken,6/17/2020,7/2/2019,Male,605 Holmberg Lane
883,Rae,Hornung,8/20/2018,8/26/2019,Female,47950 Di Loreto Crossing
884,Myron,Chudleigh,3/6/2021,9/21/2018,Male,3 Buell Way
885,Rebbecca,McComb,4/12/2021,12/12/2020,Female,49829 Florence Circle
886,Reed,Halpine,8/14/2020,4/15/2019,Female,5145 Oak Valley Terrace
887,Rodrique,Antonutti,6/23/2020,1/4/2021,Female,7 Transport Way
888,Orelia,Cornil,2/26/2018,12/21/2017,Female,78 Hazelcrest Junction
889,Babbie,Sievewright,4/4/2019,4/29/2021,Female,9 Texas Crossing
890,Jami,Manuaud,2/14/2021,5/1/2021,Male,059 Sloan Point
891,Kiersten,Dadson,12/4/2019,6/16/2020,Male,17 Logan Point
892,Cris,Staziker,6/13/2019,11/11/2019,Female,3 Corry Lane
893,Kailey,Crammy,9/16/2016,11/30/2020,Male,99 Muir Lane
894,Kenton,Crayden,1/6/2018,9/1/2020,Male,025 Arrowood Place
895,Cleo,Lucio,6/19/2017,3/6/2020,Male,5570 Clyde Gallagher Alley
896,Ingmar,Hundal,1/9/2020,5/10/2017,Female,715 Sundown Way
897,Ban,Murrigans,12/14/2019,1/10/2021,Female,7875 Briar Crest Center
898,Denney,Farenden,12/6/2016,6/3/2020,Female,4262 Schlimgen Street
899,Scarface,Louch,10/3/2019,6/18/2020,Female,215 Kinsman Lane
900,Sharla,Wooles,6/2/2018,5/11/2021,Female,2 Pankratz Court
901,Abner,Jeanet,8/2/2020,9/28/2016,Male,87127 Tony Park
902,Lannie,Tue,7/7/2019,7/4/2019,Male,7 Vera Circle
903,Raphael,Passe,4/7/2020,7/17/2019,Female,4601 Ridge Oak Avenue
904,Darrel,McQuaker,12/6/2019,11/11/2020,Male,29148 Graedel Junction
905,Tabby,Rubinlicht,8/19/2018,1/31/2017,Female,5 Weeping Birch Parkway
906,Antonina,Broseman,7/31/2019,6/17/2021,Male,60 Ridgeway Junction
907,Davita,Foden,8/24/2018,9/1/2016,Female,81 Erie Center
908,Valencia,Stickles,2/18/2021,2/26/2021,Male,3285 Anthes Place
909,Fritz,Vaar,3/29/2017,4/27/2021,Female,42732 Sloan Way
910,Phillis,Blazey,11/30/2016,4/29/2021,Male,70 Farragut Drive
911,Darrell,Keeling,5/27/2017,9/10/2016,Male,358 Messerschmidt Hill
912,Robbi,Tolwood,11/8/2017,12/5/2018,Male,4 Kennedy Parkway
913,Virgil,Boissieux,3/22/2020,2/12/2017,Female,00 Butternut Way
914,Kayley,Jurs,7/13/2018,9/6/2019,Male,37096 Eggendart Avenue
915,Gaynor,Winstanley,7/29/2017,2/21/2020,Female,20 Briar Crest Center
916,Carolyne,Patton,3/5/2021,7/11/2021,Male,8213 6th Trail
917,Correna,de Zamora,9/6/2017,7/22/2019,Female,90 Sauthoff Hill
918,Raff,Bransby,9/8/2017,12/13/2017,Female,5 Clarendon Alley
919,Aliza,Emmitt,4/27/2017,12/29/2017,Female,48283 Westend Hill
920,Hugibert,Clendennen,9/21/2019,10/10/2017,Male,44834 Harper Street
921,Cordelia,Longstreet,2/16/2018,6/23/2020,Male,3 Riverside Point
922,Noni,Rushe,7/21/2019,5/15/2019,Male,983 Superior Hill
923,Thaine,McGaughey,1/10/2020,7/21/2017,Female,669 Weeping Birch Terrace
924,Ferrell,Axworthy,10/21/2017,10/12/2019,Female,97 Randy Terrace
925,Putnam,Quest,6/25/2018,2/11/2020,Male,07 Sunbrook Road
926,Kristofer,Gueinn,2/25/2017,6/12/2017,Male,99 Carpenter Terrace
927,Crista,Malling,8/1/2020,6/20/2020,Male,658 Schurz Alley
928,Beverley,Mucillo,6/15/2020,11/17/2017,Female,17 Talmadge Lane
929,Ezra,Nowakowski,12/22/2017,3/31/2021,Female,61776 Buhler Avenue
930,Mord,Charlot,6/8/2017,11/13/2020,Male,3100 Banding Way
931,Caprice,Collinwood,2/16/2017,1/21/2017,Female,079 Meadow Vale Drive
932,Clemente,McKibbin,1/19/2020,1/15/2018,Female,9726 Melody Drive
933,Colline,Lainton,7/2/2018,9/10/2019,Male,6627 Northport Center
934,Rogers,Kennan,10/27/2020,3/23/2020,Male,9 Lake View Center
935,Thorin,Ecclestone,7/17/2018,4/10/2021,Female,2854 Raven Alley
936,Regan,Biesty,9/22/2020,3/24/2017,Female,98 Talisman Pass
937,Hyacinthia,Corsan,7/1/2019,4/25/2021,Female,672 Linden Pass
938,Cassie,Izzat,5/5/2017,12/7/2020,Female,262 Arkansas Circle
939,Ari,Mariolle,4/15/2021,10/15/2018,Female,9 Fuller Hill
940,Danyelle,Melloy,1/31/2019,6/11/2019,Female,3454 Northfield Way
941,Katalin,Frango,8/4/2018,10/1/2016,Female,65 Jana Junction
942,Brittan,Shapera,9/29/2017,2/21/2019,Male,9 Iowa Park
943,Aldridge,De Ruel,7/16/2017,1/20/2017,Female,0227 Prentice Place
944,Jordain,Tryme,5/3/2021,12/8/2019,Male,097 Old Shore Junction
945,Heather,Airth,4/28/2020,10/23/2016,Female,1 Bunker Hill Point
946,Ulrikaumeko,Dowzell,6/9/2021,8/12/2018,Female,584 Melody Circle
947,Guntar,Crafter,5/11/2019,6/24/2018,Female,853 Clarendon Drive
948,Ricard,Evitt,5/28/2018,12/11/2017,Female,457 Kim Avenue
949,Marcelia,Haseldine,3/18/2021,7/8/2020,Male,5752 Macpherson Court
950,Noland,Skett,5/7/2019,8/4/2017,Female,445 Di Loreto Lane
951,Bondon,Thornton,8/26/2018,12/30/2016,Female,4795 Esker Avenue
952,Wakefield,De Ruel,1/11/2020,10/25/2020,Male,00 Green Ridge Circle
953,Calv,Rickwood,7/27/2019,10/19/2018,Male,654 Park Meadow Way
954,Blanch,Gayton,4/8/2020,12/20/2019,Male,86627 Badeau Terrace
955,Archibold,Alldred,4/6/2021,7/4/2019,Female,3546 Scofield Avenue
956,Othello,Blazej,11/29/2020,6/15/2021,Female,39033 Scott Center
957,Chet,Iorizzo,5/27/2018,10/31/2019,Male,13578 Trailsway Street
958,Wittie,Pate,12/30/2018,6/13/2020,Female,62850 Forest Dale Park
959,Milzie,Brixey,9/26/2019,11/17/2017,Female,99 Elgar Street
960,Claudine,Curnow,8/17/2017,6/25/2017,Male,0 Gerald Plaza
961,Saudra,Cranna,4/15/2018,1/1/2019,Male,623 Redwing Alley
962,Hazel,Volcker,10/1/2017,10/6/2017,Female,42 Sutteridge Crossing
963,Riley,Castangia,5/28/2021,6/29/2019,Female,3025 Derek Point
964,Nelly,Swanger,4/29/2019,3/12/2017,Female,4 Bartelt Circle
965,Gerry,Canet,8/29/2018,2/28/2017,Male,54509 Ridgeview Crossing
966,Kyle,Morad,4/13/2021,12/10/2019,Male,675 Vernon Place
967,Genevra,Sandbrook,11/1/2019,2/4/2021,Male,02773 Oak Valley Avenue
968,Gipsy,Helgass,9/4/2016,10/17/2018,Female,50605 Oneill Crossing
969,Paxton,Whiten,2/21/2021,2/21/2021,Male,214 Morning Park
970,Kenna,Hrachovec,9/4/2019,10/1/2019,Female,30743 Ruskin Road
971,Amabelle,Osgar,7/6/2019,10/25/2018,Male,54 Pond Center
972,Zita,Davies,9/9/2019,7/19/2017,Male,31815 Vermont Hill
973,Pia,Cockman,2/16/2021,12/25/2018,Male,218 Towne Plaza
974,Tana,Hexum,5/17/2021,6/8/2017,Male,218 Namekagon Hill
975,Darell,Allewell,12/30/2016,11/13/2019,Male,619 Novick Court
976,Stillman,Camis,2/18/2019,3/30/2018,Female,39 Nova Pass
977,Valentine,Petrillo,10/27/2018,6/2/2021,Female,97 Esker Circle
978,Wilbert,Puttrell,6/4/2017,7/10/2021,Female,1570 Truax Junction
979,Julius,Etock,1/8/2017,12/7/2016,Male,27 Pepper Wood Hill
980,Olympe,Aulsford,11/20/2016,11/21/2020,Female,07 Shelley Plaza
981,Ileane,Queripel,10/9/2017,8/23/2018,Male,5182 Laurel Point
982,Adair,Bidwell,2/26/2018,5/30/2017,Male,5727 1st Center
983,Kerri,Gauld,9/27/2017,6/20/2021,Female,6299 Lunder Road
984,Odelle,Ormiston,2/16/2018,12/1/2019,Male,0707 Loftsgordon Road
985,Rogerio,Exley,5/27/2017,5/2/2017,Male,84268 Crownhardt Terrace
986,Gillian,Heggadon,9/23/2019,10/26/2016,Female,3671 Chive Pass
987,Marjory,Hawtin,7/9/2021,7/14/2020,Male,6 Westerfield Way
988,Pascal,Bavin,10/28/2019,6/26/2021,Female,04 Victoria Crossing
989,Quinta,McDonagh,10/7/2016,6/5/2021,Male,50283 Buell Terrace
990,Granville,Paschek,6/12/2020,5/1/2017,Male,6 Pearson Parkway
991,Nari,Duddle,11/9/2020,7/8/2018,Male,9810 Coleman Junction
992,Bunny,Fortman,4/8/2017,3/12/2019,Female,79262 Erie Crossing
993,Borden,Rogez,10/22/2017,4/8/2019,Female,96 Reinke Road
994,Collette,Skoughman,12/15/2016,1/10/2019,Male,5 Anhalt Court
995,Sianna,Vibert,1/19/2017,3/19/2020,Female,52 Cardinal Junction
996,Gwenni,Tankin,1/20/2019,9/16/2016,Female,0722 Cascade Point
997,Florenza,Adamini,11/22/2017,4/21/2020,Female,16 Valley Edge Parkway
998,Minnnie,Grimes,3/7/2021,1/22/2021,Female,85 Lerdahl Circle
999,Alyson,Eakin,5/14/2021,11/7/2017,Male,2489 Spaight Hill
1000,Janean,Hudleston,10/11/2019,1/22/2018,Male,8871 Kennedy Pass
