studId,first_name,last_name,birthdate,date_added,gender
1,Puff,Duchan,11/7/2020,7/25/2021,Non-binary
2,Glynn,Jessard,5/18/2021,7/25/2021,Genderfluid
3,Jandy,Gonzalvo,9/6/2020,7/25/2021,Genderfluid
4,Stephine,Burdekin,9/9/2018,7/25/2021,Non-binary
5,Anjela,Cham,9/8/2018,7/25/2021,Female
6,Nealson,Fransewich,6/23/2020,7/25/2021,Non-binary
7,Maurizia,Falck,10/21/2019,7/25/2021,Non-binary
8,Matteo,Bowdrey,11/11/2019,7/25/2021,Agender
9,Eydie,Kupper,8/10/2020,7/25/2021,Male
10,Storm,Edelmann,3/16/2019,7/25/2021,Polygender
11,Jamil,Sharper,11/17/2020,7/25/2021,Female
12,Vanessa,Crinage,7/19/2020,7/25/2021,Agender
13,Celestyna,Peachment,5/9/2020,7/25/2021,Bigender
14,Jamison,Mell,7/16/2019,7/25/2021,Agender
15,Whitaker,Gyorgy,12/25/2018,7/25/2021,Non-binary
16,Marv,Pietsma,12/10/2019,7/25/2021,Agender
17,Matthew,Dimitresco,5/21/2020,7/25/2021,Female
18,Caddric,Salzburg,7/9/2021,7/25/2021,Bigender
19,Briano,Aymeric,8/26/2020,7/25/2021,Male
20,Ray,Ashbrook,3/10/2021,7/25/2021,Agender
21,Gregoor,Singers,7/30/2019,7/25/2021,Genderfluid
22,Carlynne,Twoohy,3/17/2019,7/25/2021,Polygender
23,Sonnnie,Kedward,7/9/2019,7/25/2021,Female
24,Dorelle,Poynser,9/14/2019,7/25/2021,Non-binary
25,Celinda,Richings,1/7/2020,7/25/2021,Agender
26,Pollyanna,Coupe,1/22/2021,7/25/2021,Non-binary
27,Laural,Volks,9/20/2019,7/25/2021,Polygender
28,Tiffi,Cardno,1/14/2019,7/25/2021,Genderfluid
29,Annamarie,Edlin,5/25/2019,7/25/2021,Male
30,Deana,Leynham,11/22/2020,7/25/2021,Genderfluid
31,Gregorio,Elkington,11/21/2020,7/25/2021,Non-binary
32,Selena,Nollet,11/29/2020,7/25/2021,Bigender
33,Noland,Gane,6/2/2021,7/25/2021,Non-binary
34,Kally,Massimi,5/28/2019,7/25/2021,Non-binary
35,Amabelle,Antrack,1/22/2019,7/25/2021,Genderfluid
36,Cornelle,Balcock,6/25/2019,7/25/2021,Polygender
37,Myer,Heifer,5/15/2019,7/25/2021,Polygender
38,Elayne,Crimmins,10/5/2020,7/25/2021,Polygender
39,Ivie,Shambrook,5/12/2021,7/25/2021,Non-binary
40,Ronnie,Moxted,1/2/2020,7/25/2021,Male
41,Deanne,Marden,5/27/2020,7/25/2021,Genderqueer
42,Ree,Widdowes,2/1/2021,7/25/2021,Genderqueer
43,Justen,Harlett,3/31/2021,7/25/2021,Genderqueer
44,Cymbre,Potzold,5/14/2020,7/25/2021,Bigender
45,Ludwig,Witten,2/17/2021,7/25/2021,Bigender
46,Loella,Pickford,9/5/2020,7/25/2021,Polygender
47,Rivy,Francey,4/9/2020,7/25/2021,Non-binary
48,Myrah,Howley,7/9/2020,7/25/2021,Female
49,Sherline,Lanney,6/27/2021,7/25/2021,Male
50,Silas,Dybbe,6/2/2019,7/25/2021,Genderqueer
51,Lowrance,Greser,5/10/2021,7/25/2021,Genderqueer
52,Rani,Kingsland,9/4/2018,7/25/2021,Agender
53,Gabby,Tilson,10/25/2020,7/25/2021,Genderqueer
54,Bobbye,McGall,12/16/2019,7/25/2021,Bigender
55,Barty,Birch,12/3/2019,7/25/2021,Genderqueer
56,Antoni,Whinney,4/25/2021,7/25/2021,Genderqueer
57,El,Matussow,5/15/2021,7/25/2021,Genderfluid
58,Tuesday,O'Hagan,4/16/2019,7/25/2021,Female
59,Star,Sweeny,2/15/2020,7/25/2021,Bigender
60,Kissie,Wallege,8/31/2019,7/25/2021,Agender
61,Giacobo,Creedland,5/22/2019,7/25/2021,Genderfluid
62,Theo,Urry,7/9/2020,7/25/2021,Genderqueer
63,Bernete,Laurencot,8/26/2020,7/25/2021,Bigender
64,Deeanne,Aspy,11/4/2020,7/25/2021,Genderqueer
65,Cassandry,Wegener,9/14/2020,7/25/2021,Agender
66,Dion,Guise,2/1/2021,7/25/2021,Agender
67,Cece,Joule,4/7/2021,7/25/2021,Polygender
68,Theressa,Tredget,11/21/2019,7/25/2021,Genderqueer
69,Inez,Shepperd,6/14/2021,7/25/2021,Female
70,Dale,Pigram,10/30/2018,7/25/2021,Bigender
71,April,Hearnes,1/7/2019,7/25/2021,Genderqueer
72,Karlee,Beekman,5/4/2020,7/25/2021,Polygender
73,Fawnia,Klaiser,4/15/2021,7/25/2021,Bigender
74,Tymothy,Sambles,11/12/2018,7/25/2021,Genderqueer
75,Udell,Gutteridge,3/15/2021,7/25/2021,Female
76,Niko,Compfort,7/18/2021,7/25/2021,Non-binary
77,Barth,Checchetelli,1/31/2021,7/25/2021,Male
78,Trixie,Lenham,10/5/2020,7/25/2021,Genderqueer
79,Peg,Seacroft,2/22/2021,7/25/2021,Non-binary
80,Kelsi,Seagrave,6/1/2020,7/25/2021,Polygender
81,Krystalle,Oswell,1/18/2019,7/25/2021,Genderqueer
82,Dalli,Mytton,12/25/2020,7/25/2021,Male
83,Helenka,Wreight,5/22/2021,7/25/2021,Male
84,Karyn,Eady,6/13/2020,7/25/2021,Genderqueer
85,Conny,Weddell,2/7/2020,7/25/2021,Genderqueer
86,Vicki,Lindblad,1/2/2019,7/25/2021,Genderqueer
87,Alina,Shear,9/5/2020,7/25/2021,Female
88,Monty,Cescot,5/3/2021,7/25/2021,Non-binary
89,Philippine,Sumshon,4/6/2019,7/25/2021,Non-binary
90,Oneida,Beneyto,5/3/2020,7/25/2021,Genderfluid
91,Hillier,Entissle,6/18/2021,7/25/2021,Genderqueer
92,Janifer,Hackly,11/29/2018,7/25/2021,Female
93,Evered,Dumbleton,8/28/2018,7/25/2021,Genderfluid
94,Broderick,Godsmark,10/26/2018,7/25/2021,Male
95,Cass,Girkins,7/29/2019,7/25/2021,Genderqueer
96,Jermain,Dilleway,11/24/2019,7/25/2021,Bigender
97,Pooh,Turvie,2/11/2020,7/25/2021,Female
98,Denyse,Jenton,1/17/2021,7/25/2021,Polygender
99,Aldis,Behrendsen,4/4/2021,7/25/2021,Genderfluid
100,Jade,Skirvane,7/24/2019,7/25/2021,Agender
101,Mal,Vernon,12/9/2019,7/25/2021,Female
102,Morie,Girkin,8/20/2019,7/25/2021,Bigender
103,Marika,Ebsworth,12/11/2018,7/25/2021,Polygender
104,Dionysus,Nekrews,9/9/2018,7/25/2021,Male
105,Brennan,Vasyuchov,5/19/2019,7/25/2021,Genderfluid
106,Merna,Kalisz,4/5/2021,7/25/2021,Polygender
107,Granville,Cheverton,5/18/2020,7/25/2021,Genderqueer
108,Bealle,Gagie,11/27/2020,7/25/2021,Non-binary
109,Hali,Polkinghorne,9/20/2019,7/25/2021,Female
110,Etan,Elies,8/18/2018,7/25/2021,Male
111,Faydra,O'Longain,8/12/2020,7/25/2021,Bigender
112,Lilith,Lanigan,11/21/2019,7/25/2021,Male
113,Nancie,Duhig,11/4/2020,7/25/2021,Polygender
114,Phineas,Cannings,7/18/2021,7/25/2021,Agender
115,Desirae,Keele,6/20/2021,7/25/2021,Female
116,Georgie,Geertje,11/11/2019,7/25/2021,Non-binary
117,Webb,Gamblin,7/16/2020,7/25/2021,Male
118,Barbey,Crossgrove,7/24/2019,7/25/2021,Genderqueer
119,Bryana,Withams,3/10/2020,7/25/2021,Female
120,Bealle,Peartree,4/25/2020,7/25/2021,Non-binary
121,Haily,Aubrey,6/5/2019,7/25/2021,Genderqueer
122,Vikky,Gascar,7/3/2020,7/25/2021,Bigender
123,Germaine,Tal,2/21/2021,7/25/2021,Polygender
124,Cordie,McMeanma,10/19/2020,7/25/2021,Polygender
125,Annelise,Probart,8/15/2020,7/25/2021,Polygender
126,Morgan,Beniesh,1/27/2019,7/25/2021,Non-binary
127,Rochella,Kibblewhite,2/5/2019,7/25/2021,Male
128,Lexine,Muslim,4/29/2020,7/25/2021,Male
129,Ivie,Coy,2/23/2020,7/25/2021,Genderfluid
130,Marta,Loudiane,1/21/2020,7/25/2021,Genderfluid
131,Corissa,Godley,11/7/2019,7/25/2021,Agender
132,Suzi,Boldt,12/2/2019,7/25/2021,Genderfluid
133,Raul,Codling,9/27/2020,7/25/2021,Polygender
134,Remy,Treversh,9/2/2019,7/25/2021,Genderqueer
135,Sonny,Craw,6/11/2020,7/25/2021,Polygender
136,Nicolai,Shelbourne,5/10/2020,7/25/2021,Agender
137,Sancho,Budnk,9/7/2018,7/25/2021,Bigender
138,Bobette,Mitrikhin,3/21/2021,7/25/2021,Non-binary
139,Goldina,Undy,5/22/2020,7/25/2021,Female
140,Corella,Dredge,2/6/2020,7/25/2021,Non-binary
141,Katrina,Moultrie,1/20/2021,7/25/2021,Agender
142,Moyra,Klugel,11/28/2019,7/25/2021,Genderqueer
143,Sunshine,O'Doherty,3/2/2019,7/25/2021,Agender
144,Sukey,Whiscard,12/14/2019,7/25/2021,Agender
145,Jaine,Archer,4/24/2020,7/25/2021,Non-binary
146,Midge,Accum,10/4/2019,7/25/2021,Male
147,Genevieve,Greedyer,5/9/2019,7/25/2021,Bigender
148,Galvin,Roget,6/2/2021,7/25/2021,Genderfluid
149,Ellswerth,Allington,7/30/2019,7/25/2021,Genderqueer
150,Madonna,Ponten,1/20/2020,7/25/2021,Agender
151,Arlene,Mauger,2/28/2019,7/25/2021,Bigender
152,Bard,Grigorkin,12/11/2019,7/25/2021,Male
153,Darelle,Astling,4/5/2020,7/25/2021,Male
154,Indira,Yetton,5/10/2020,7/25/2021,Polygender
155,Peirce,Legister,5/8/2019,7/25/2021,Bigender
156,Waly,Eich,9/4/2020,7/25/2021,Agender
157,Kincaid,Dilley,1/5/2020,7/25/2021,Genderqueer
158,Monte,Galfour,12/18/2020,7/25/2021,Female
159,Chevalier,Maymond,5/2/2021,7/25/2021,Genderqueer
160,Windham,Reeman,10/29/2019,7/25/2021,Non-binary
161,Hillel,Mackison,3/25/2020,7/25/2021,Bigender
162,Pearla,Sanz,8/16/2019,7/25/2021,Non-binary
163,Kyle,Grindell,2/23/2019,7/25/2021,Polygender
164,Hettie,Cancelier,1/5/2020,7/25/2021,Non-binary
165,Anallese,Skinner,7/5/2019,7/25/2021,Non-binary
166,Lynnea,Inseal,4/22/2020,7/25/2021,Polygender
167,Effie,O'Cassidy,2/23/2020,7/25/2021,Bigender
168,Aileen,Anney,10/2/2019,7/25/2021,Female
169,Viole,Boddington,12/7/2019,7/25/2021,Polygender
170,Quintus,Downes,3/25/2020,7/25/2021,Polygender
171,Isabella,Verralls,12/21/2018,7/25/2021,Agender
172,Halie,Iveagh,5/3/2019,7/25/2021,Female
173,Abbye,Wayvill,11/12/2019,7/25/2021,Genderqueer
174,Michel,Jeynes,9/8/2019,7/25/2021,Agender
175,Alexio,Nibley,1/23/2019,7/25/2021,Bigender
176,Glennie,Attrey,4/2/2019,7/25/2021,Female
177,Enid,Skyner,5/3/2021,7/25/2021,Genderfluid
178,Devy,Lukehurst,10/23/2020,7/25/2021,Bigender
179,Wilmette,Wandtke,1/10/2019,7/25/2021,Genderqueer
180,Carolynn,Rockingham,7/7/2021,7/25/2021,Polygender
181,Emlyn,Malter,7/21/2020,7/25/2021,Bigender
182,Hadria,Hutton,12/19/2018,7/25/2021,Genderqueer
183,Matias,Borthwick,4/3/2020,7/25/2021,Non-binary
184,Goldarina,Berndt,1/29/2020,7/25/2021,Agender
185,Shaun,Brokenbrow,11/24/2019,7/25/2021,Female
186,Bryce,Briamo,2/7/2021,7/25/2021,Non-binary
187,Carlota,Fairnington,3/23/2021,7/25/2021,Male
188,Joeann,Derill,2/20/2020,7/25/2021,Polygender
189,Alix,Nudde,6/9/2020,7/25/2021,Male
190,Ricki,Crippell,3/2/2019,7/25/2021,Non-binary
191,Bink,Cowans,4/12/2020,7/25/2021,Polygender
192,Legra,Durdy,3/18/2020,7/25/2021,Male
193,Tades,Giacomi,8/21/2018,7/25/2021,Genderqueer
194,Kassandra,Grolle,7/18/2019,7/25/2021,Male
195,Oralla,Tilley,8/28/2020,7/25/2021,Female
196,Carrissa,Jann,12/27/2018,7/25/2021,Genderfluid
197,Mordecai,Scholard,12/2/2020,7/25/2021,Agender
198,Jillie,Casaro,5/7/2021,7/25/2021,Non-binary
199,Siobhan,Creagh,4/12/2020,7/25/2021,Male
200,Britteny,Starie,10/3/2019,7/25/2021,Genderfluid
201,Hymie,Shinner,12/1/2020,7/25/2021,Bigender
202,Ansley,Beauman,11/17/2018,7/25/2021,Bigender
203,Udell,Parish,4/16/2019,7/25/2021,Female
204,Jarrid,Bonnette,2/10/2021,7/25/2021,Genderqueer
205,Myra,Klemencic,11/4/2019,7/25/2021,Male
206,Pip,Hazeldene,4/26/2021,7/25/2021,Polygender
207,Aldus,Isakovic,1/21/2021,7/25/2021,Genderqueer
208,Anstice,Pether,6/28/2021,7/25/2021,Genderqueer
209,Meade,Tobin,10/13/2018,7/25/2021,Bigender
210,Kassia,Heenan,11/30/2020,7/25/2021,Female
211,Lilli,Drissell,4/27/2019,7/25/2021,Genderfluid
212,Judas,Chateau,11/26/2019,7/25/2021,Non-binary
213,Augie,Zukerman,10/19/2018,7/25/2021,Polygender
214,Madison,Trahear,12/11/2020,7/25/2021,Female
215,Ibrahim,Dyter,6/4/2020,7/25/2021,Genderfluid
216,Ira,Dugood,5/8/2019,7/25/2021,Genderfluid
217,Berta,Dwight,6/26/2019,7/25/2021,Genderfluid
218,Arte,Pady,2/4/2019,7/25/2021,Non-binary
219,Bobbe,Chilton,5/16/2020,7/25/2021,Bigender
220,Maighdiln,Hugle,6/19/2021,7/25/2021,Polygender
221,Lynnea,Stuchburie,8/6/2018,7/25/2021,Female
222,Yvonne,Berndtssen,2/27/2019,7/25/2021,Genderqueer
223,Rozelle,Uzielli,7/20/2019,7/25/2021,Genderqueer
224,Kellyann,Clarycott,4/21/2019,7/25/2021,Polygender
225,Rory,Wurst,3/12/2021,7/25/2021,Genderqueer
226,Henrietta,Gooble,1/31/2019,7/25/2021,Female
227,Rochella,Court,6/12/2019,7/25/2021,Genderfluid
228,Sam,Gilvary,4/18/2019,7/25/2021,Genderqueer
229,Zaneta,Hembry,1/25/2020,7/25/2021,Agender
230,Katleen,Rubrow,4/4/2020,7/25/2021,Female
231,Anestassia,Rean,2/5/2020,7/25/2021,Polygender
232,Clifford,Slingsby,3/28/2019,7/25/2021,Genderfluid
233,Sandro,Bickford,5/19/2019,7/25/2021,Genderqueer
234,Rivkah,Saltmarsh,5/27/2019,7/25/2021,Polygender
235,Tory,Higgen,1/4/2019,7/25/2021,Polygender
236,Giusto,Emsley,4/29/2019,7/25/2021,Male
237,Analiese,Coyte,11/26/2020,7/25/2021,Non-binary
238,Donia,Ramsdale,4/29/2019,7/25/2021,Male
239,Falito,Heild,10/24/2020,7/25/2021,Genderqueer
240,Chrysa,Kollaschek,2/7/2020,7/25/2021,Genderfluid
241,Amalie,Pessel,11/19/2018,7/25/2021,Genderfluid
242,Linc,Monte,8/20/2020,7/25/2021,Bigender
243,Hanni,MacArd,9/19/2019,7/25/2021,Agender
244,Franzen,Bark,12/31/2019,7/25/2021,Agender
245,Dillon,Durrington,5/21/2021,7/25/2021,Agender
246,Rosalyn,Jans,8/25/2018,7/25/2021,Genderfluid
247,Dixie,Tineman,5/14/2019,7/25/2021,Bigender
248,Kennith,Arney,1/28/2020,7/25/2021,Agender
249,Burlie,Kapelhoff,8/28/2018,7/25/2021,Genderfluid
250,Phelia,Pollendine,7/6/2019,7/25/2021,Non-binary
251,Kristian,Wilcott,12/6/2019,7/25/2021,Agender
252,Prudence,McMylor,2/14/2019,7/25/2021,Non-binary
253,Adrianne,Schulkins,8/17/2019,7/25/2021,Polygender
254,Kean,Di Angelo,6/24/2019,7/25/2021,Genderfluid
255,Suzette,Burger,1/1/2021,7/25/2021,Male
256,Lolita,Bahls,1/19/2019,7/25/2021,Polygender
257,Norene,Pargent,10/20/2020,7/25/2021,Polygender
258,Timothee,Form,1/1/2020,7/25/2021,Bigender
259,Krissy,Easey,1/21/2020,7/25/2021,Polygender
260,Fonsie,Olensby,4/8/2020,7/25/2021,Genderqueer
261,Florida,Attack,3/23/2021,7/25/2021,Polygender
262,Levon,Klewer,7/3/2019,7/25/2021,Polygender
263,Ruddie,Collabine,5/18/2019,7/25/2021,Female
264,Vladamir,Hollibone,9/13/2018,7/25/2021,Non-binary
265,Whittaker,Suddock,5/26/2019,7/25/2021,Genderfluid
266,Mischa,Campes,9/10/2020,7/25/2021,Male
267,Ethel,McGarrahan,4/29/2020,7/25/2021,Genderqueer
268,Anallese,Currey,6/6/2019,7/25/2021,Polygender
269,Merle,Burdoun,2/14/2021,7/25/2021,Agender
270,Ethelda,Durant,2/25/2019,7/25/2021,Male
271,Natividad,Jansen,4/1/2021,7/25/2021,Female
272,Genia,Mackro,4/1/2020,7/25/2021,Male
273,Ivie,Gogay,1/22/2020,7/25/2021,Bigender
274,Carline,Bontein,5/31/2021,7/25/2021,Genderfluid
275,Dorris,Drinkall,9/17/2020,7/25/2021,Male
276,Judd,Pett,10/23/2019,7/25/2021,Bigender
277,Shani,Tulk,9/24/2019,7/25/2021,Bigender
278,Kerby,Casseldine,3/17/2021,7/25/2021,Male
279,Aldo,Bernet,6/9/2021,7/25/2021,Agender
280,Darya,Lawlor,2/21/2019,7/25/2021,Agender
281,Belle,Pleuman,2/28/2020,7/25/2021,Bigender
282,Deeanne,Niblock,8/14/2019,7/25/2021,Male
283,Shelia,Korneluk,9/19/2018,7/25/2021,Male
284,Hadlee,Noades,1/18/2020,7/25/2021,Agender
285,Ingar,Tambling,7/5/2020,7/25/2021,Non-binary
286,Valdemar,Hember,12/14/2020,7/25/2021,Bigender
287,Vassili,De Filippis,2/22/2019,7/25/2021,Non-binary
288,Giacinta,Abramovicz,11/26/2020,7/25/2021,Female
289,Artemus,Eicheler,7/18/2019,7/25/2021,Male
290,Ebonee,Mellsop,4/11/2019,7/25/2021,Polygender
291,Walden,Portinari,4/30/2021,7/25/2021,Agender
292,Merell,Skillman,11/22/2018,7/25/2021,Polygender
293,Rose,Ricard,2/2/2021,7/25/2021,Agender
294,Cullin,Di Antonio,12/18/2019,7/25/2021,Genderfluid
295,Ripley,Radenhurst,7/27/2019,7/25/2021,Agender
296,Tiler,Nevison,12/19/2020,7/25/2021,Non-binary
297,Marco,Kedwell,4/8/2020,7/25/2021,Genderqueer
298,Chloris,Keward,11/26/2018,7/25/2021,Agender
299,Tobe,Lighten,4/16/2021,7/25/2021,Agender
300,Roselia,Bartholat,10/16/2020,7/25/2021,Genderfluid
301,Far,Walklate,6/3/2020,7/25/2021,Agender
302,Betsy,Pitcaithly,9/2/2019,7/25/2021,Non-binary
303,Nicol,Pavlishchev,9/24/2020,7/25/2021,Polygender
304,Clareta,Mashal,2/26/2021,7/25/2021,Genderfluid
305,Jens,Iohananof,5/6/2021,7/25/2021,Genderqueer
306,Quintilla,Purvess,5/7/2019,7/25/2021,Male
307,Tobi,Alchin,8/19/2020,7/25/2021,Polygender
308,Jeane,Snedker,8/21/2020,7/25/2021,Non-binary
309,Sissie,Saunders,8/11/2018,7/25/2021,Agender
310,Delano,Poge,8/9/2020,7/25/2021,Bigender
311,Baron,Boshers,9/10/2018,7/25/2021,Agender
312,Hastings,Tinkler,12/18/2018,7/25/2021,Male
313,Whit,Bubb,5/16/2020,7/25/2021,Non-binary
314,Roma,Antognelli,10/16/2020,7/25/2021,Agender
315,George,Caps,3/29/2021,7/25/2021,Genderqueer
316,Hanny,Phelips,11/11/2019,7/25/2021,Polygender
317,Aubree,Sangwin,5/16/2021,7/25/2021,Female
318,Kirstyn,Hamflett,8/24/2018,7/25/2021,Bigender
319,Janella,Cuddon,1/29/2019,7/25/2021,Polygender
320,Cordey,Cassell,11/22/2018,7/25/2021,Non-binary
321,Odell,Melley,5/24/2020,7/25/2021,Bigender
322,Giusto,Pinock,6/23/2021,7/25/2021,Male
323,Trevor,Cronk,1/11/2020,7/25/2021,Female
324,Sarah,Escoffrey,12/28/2020,7/25/2021,Genderqueer
325,Basilius,Gemmill,3/3/2020,7/25/2021,Genderqueer
326,Silvanus,Godball,11/21/2020,7/25/2021,Male
327,Merle,Vickery,9/15/2018,7/25/2021,Agender
328,Stanislaw,Goley,11/30/2020,7/25/2021,Male
329,Katya,Ferrarin,12/6/2020,7/25/2021,Male
330,Shelley,Dodge,5/11/2021,7/25/2021,Genderfluid
331,Law,Rosenstiel,10/1/2020,7/25/2021,Agender
332,Donielle,Plimmer,12/4/2019,7/25/2021,Genderqueer
333,Fred,Jedrzejewski,3/25/2019,7/25/2021,Agender
334,Andreas,Gallant,11/13/2018,7/25/2021,Genderfluid
335,Norby,Pinnere,9/11/2019,7/25/2021,Female
336,Wally,MacAvaddy,10/17/2019,7/25/2021,Female
337,Erna,Zecchetti,5/13/2019,7/25/2021,Genderfluid
338,Othilia,Richen,4/12/2020,7/25/2021,Genderqueer
339,Xever,Habbes,3/12/2020,7/25/2021,Genderfluid
340,Pooh,Geerdts,6/12/2019,7/25/2021,Agender
341,Jozef,Stapleton,3/2/2019,7/25/2021,Polygender
342,Carolus,Ladewig,9/14/2018,7/25/2021,Male
343,Farly,Slemming,10/29/2020,7/25/2021,Bigender
344,Fredek,Sapson,2/7/2020,7/25/2021,Polygender
345,Aloisia,Ramberg,5/2/2019,7/25/2021,Genderfluid
346,Angelique,Gaynor,10/3/2019,7/25/2021,Genderqueer
347,Emelda,Ribbens,2/2/2020,7/25/2021,Agender
348,Cad,Blythe,7/7/2021,7/25/2021,Non-binary
349,Sayres,Huggill,3/18/2020,7/25/2021,Non-binary
350,Armstrong,Tallow,1/28/2021,7/25/2021,Bigender
351,Nita,McCorkindale,1/18/2020,7/25/2021,Bigender
352,Nick,Skeldon,1/24/2019,7/25/2021,Bigender
353,Yorke,Izaac,4/2/2019,7/25/2021,Male
354,Marlin,Ghent,7/9/2020,7/25/2021,Male
355,Baudoin,Coopper,5/11/2020,7/25/2021,Genderfluid
356,Charlie,Presman,2/13/2020,7/25/2021,Genderfluid
357,Georgetta,Walding,2/13/2020,7/25/2021,Genderqueer
358,Jeffry,Dami,5/10/2019,7/25/2021,Polygender
359,Ashlee,Coulthart,6/30/2021,7/25/2021,Agender
360,Melva,Wilshire,10/16/2019,7/25/2021,Agender
361,Mirabella,Standering,8/19/2020,7/25/2021,Male
362,Sharron,Ridgley,6/14/2019,7/25/2021,Genderqueer
363,Reece,Faulkener,6/14/2019,7/25/2021,Genderfluid
364,Aile,McIlwraith,10/17/2018,7/25/2021,Bigender
365,Kaile,Neward,4/17/2021,7/25/2021,Male
366,Peri,Backman,3/3/2019,7/25/2021,Polygender
367,Thomasa,Kezor,6/20/2019,7/25/2021,Genderqueer
368,Tessa,Matanin,11/16/2018,7/25/2021,Genderqueer
369,Sosanna,MacLese,5/19/2021,7/25/2021,Bigender
370,Jenilee,Clamo,8/6/2020,7/25/2021,Genderfluid
371,Abba,Woolnough,12/20/2020,7/25/2021,Genderfluid
372,Almeria,Ganter,3/1/2019,7/25/2021,Female
373,Raven,Nutty,10/26/2019,7/25/2021,Bigender
374,Bev,Benton,2/3/2020,7/25/2021,Genderfluid
375,Trumaine,Lynthal,8/17/2018,7/25/2021,Genderqueer
376,Velma,Jellicorse,3/2/2019,7/25/2021,Agender
377,Victoria,Obee,9/28/2018,7/25/2021,Non-binary
378,Damaris,Maynard,7/10/2021,7/25/2021,Bigender
379,Ede,Fruin,11/27/2020,7/25/2021,Genderqueer
380,Kippy,Handrok,6/6/2020,7/25/2021,Polygender
381,Zsazsa,Bayne,1/6/2019,7/25/2021,Bigender
382,Farand,Rumsey,6/19/2021,7/25/2021,Male
383,Blanch,Greenroa,3/12/2019,7/25/2021,Genderfluid
384,Estrellita,Helm,3/23/2019,7/25/2021,Male
385,Ceil,Whimp,9/28/2020,7/25/2021,Bigender
386,Gene,Dedrick,4/15/2020,7/25/2021,Genderfluid
387,Niki,Ert,12/1/2019,7/25/2021,Male
388,Kinnie,Cleminson,2/6/2021,7/25/2021,Genderfluid
389,Lyndy,Brizell,1/20/2019,7/25/2021,Agender
390,Bertie,Thredder,3/12/2019,7/25/2021,Genderqueer
391,Goldia,McCraw,6/12/2021,7/25/2021,Agender
392,Darleen,Mathey,12/31/2019,7/25/2021,Male
393,Murray,Amthor,5/28/2021,7/25/2021,Non-binary
394,Teddi,Starmont,8/25/2020,7/25/2021,Agender
395,Gilda,Deem,12/28/2019,7/25/2021,Female
396,Ilaire,Mayhow,12/23/2019,7/25/2021,Genderfluid
397,Korney,Langer,2/28/2021,7/25/2021,Male
398,Toni,Tearney,7/19/2019,7/25/2021,Polygender
399,Alejoa,Courage,11/25/2020,7/25/2021,Male
400,Jens,Marmyon,6/10/2020,7/25/2021,Female
401,Basia,Velten,3/19/2021,7/25/2021,Bigender
402,Tamar,Brookhouse,4/11/2020,7/25/2021,Polygender
403,Donavon,Urion,7/30/2020,7/25/2021,Non-binary
404,Schuyler,Brookshaw,6/1/2019,7/25/2021,Male
405,Fallon,Kinig,8/16/2020,7/25/2021,Agender
406,Duky,Bampforth,1/29/2019,7/25/2021,Male
407,Yoshiko,Cowely,3/27/2020,7/25/2021,Genderqueer
408,Edsel,Michel,9/9/2019,7/25/2021,Polygender
409,Dodi,McLugaish,5/13/2019,7/25/2021,Female
410,Upton,Newlan,11/25/2020,7/25/2021,Female
411,Quintilla,Clougher,4/5/2020,7/25/2021,Female
412,Reg,Stubbe,8/18/2020,7/25/2021,Genderqueer
413,Farly,Alenshev,2/21/2020,7/25/2021,Polygender
414,Selene,Moody,3/4/2020,7/25/2021,Genderqueer
415,Keene,Cosker,1/7/2019,7/25/2021,Polygender
416,Leonora,Offen,12/24/2018,7/25/2021,Female
417,Fifine,Vicker,3/3/2021,7/25/2021,Male
418,Frannie,Redmain,3/8/2020,7/25/2021,Bigender
419,Jasun,Batcock,10/27/2020,7/25/2021,Genderfluid
420,Luigi,Cawkwell,4/12/2020,7/25/2021,Genderfluid
421,Waring,McReidy,5/14/2019,7/25/2021,Bigender
422,Bartel,Petrusch,2/17/2020,7/25/2021,Non-binary
423,Malynda,Durrant,3/13/2021,7/25/2021,Bigender
424,Gilberta,Trinkwon,6/13/2020,7/25/2021,Agender
425,Flory,Picken,3/16/2019,7/25/2021,Bigender
426,Bran,Park,5/30/2019,7/25/2021,Non-binary
427,Even,Castelli,12/12/2019,7/25/2021,Female
428,Graham,Leamy,8/16/2019,7/25/2021,Female
429,Neron,Coumbe,3/8/2020,7/25/2021,Non-binary
430,Lock,Wordsley,4/22/2019,7/25/2021,Female
431,Kassandra,Postans,1/27/2019,7/25/2021,Female
432,Feliza,Sansome,8/11/2018,7/25/2021,Genderfluid
433,Dalton,Jodrellec,5/13/2020,7/25/2021,Non-binary
434,Hew,Doret,1/6/2021,7/25/2021,Non-binary
435,Nolana,Bartolini,12/14/2020,7/25/2021,Male
436,Erinn,Antuoni,9/11/2018,7/25/2021,Bigender
437,Malina,Iglesias,12/25/2019,7/25/2021,Polygender
438,Rey,Caldes,2/26/2019,7/25/2021,Agender
439,Eugen,Wallsworth,3/11/2021,7/25/2021,Genderqueer
440,Alberto,O'Doherty,12/6/2020,7/25/2021,Bigender
441,Willyt,Udden,5/25/2019,7/25/2021,Genderfluid
442,Irvine,Colbeck,6/27/2021,7/25/2021,Male
443,Conny,Colton,8/1/2020,7/25/2021,Male
444,Tisha,Jammes,8/11/2020,7/25/2021,Polygender
445,Roanne,Deppen,6/18/2021,7/25/2021,Genderfluid
446,Micaela,Dibbs,5/4/2019,7/25/2021,Bigender
447,Ofilia,Consadine,10/28/2018,7/25/2021,Genderqueer
448,Udell,Daulton,6/8/2019,7/25/2021,Bigender
449,Dru,Antoinet,9/11/2019,7/25/2021,Bigender
450,Emory,Riccione,1/13/2021,7/25/2021,Agender
451,Nathanael,Krelle,5/25/2021,7/25/2021,Agender
452,Wilhelmina,Glamart,2/23/2020,7/25/2021,Genderqueer
453,Nikolia,Whyffen,5/26/2019,7/25/2021,Genderqueer
454,Aile,Noury,12/11/2019,7/25/2021,Female
455,Bran,Rodgers,10/3/2018,7/25/2021,Bigender
456,Isidoro,Skelly,2/21/2021,7/25/2021,Bigender
457,Grant,Argente,11/19/2020,7/25/2021,Female
458,Alejandro,Accum,8/25/2019,7/25/2021,Agender
459,Wanda,Buye,7/2/2020,7/25/2021,Genderqueer
460,Shirleen,Cosans,5/25/2021,7/25/2021,Male
461,Thorny,Durden,5/2/2021,7/25/2021,Non-binary
462,Bobinette,Landrean,5/21/2020,7/25/2021,Female
463,Milt,Troubridge,12/4/2018,7/25/2021,Female
464,Arlette,Kemmet,1/12/2021,7/25/2021,Bigender
465,Catie,Desbrow,3/7/2019,7/25/2021,Female
466,Mendel,Whaplington,1/31/2020,7/25/2021,Male
467,Ermina,Aimson,8/6/2018,7/25/2021,Bigender
468,Duane,McKinnon,5/24/2020,7/25/2021,Female
469,Wilburt,Garrish,5/29/2020,7/25/2021,Agender
470,Cacilie,Kisby,6/5/2021,7/25/2021,Bigender
471,Filberto,Ratray,11/7/2019,7/25/2021,Genderfluid
472,Dru,MacCook,8/30/2020,7/25/2021,Genderfluid
473,Constantina,Menichillo,6/7/2019,7/25/2021,Bigender
474,Trudi,Chomicki,12/8/2019,7/25/2021,Female
475,Kissee,Sabey,6/15/2021,7/25/2021,Agender
476,Tamiko,Arghent,1/23/2019,7/25/2021,Genderfluid
477,Banky,Burkert,11/5/2020,7/25/2021,Non-binary
478,Daven,Neem,5/2/2021,7/25/2021,Male
479,Cordelie,Mulligan,7/28/2020,7/25/2021,Female
480,Marylou,Naismith,7/28/2019,7/25/2021,Polygender
481,Gibb,Orred,2/23/2020,7/25/2021,Female
482,Kelsy,Brunker,7/29/2019,7/25/2021,Non-binary
483,Claudian,Nani,1/13/2021,7/25/2021,Male
484,Jedediah,Vella,9/22/2020,7/25/2021,Polygender
485,Lanae,Younie,12/30/2019,7/25/2021,Male
486,Amelina,Sherer,4/30/2020,7/25/2021,Polygender
487,Gillian,Goodfellowe,9/28/2019,7/25/2021,Male
488,Codie,Cropper,3/6/2019,7/25/2021,Female
489,Edy,Leishman,5/3/2019,7/25/2021,Polygender
490,Tate,Varns,1/9/2021,7/25/2021,Genderqueer
491,Alaster,Atter,7/3/2021,7/25/2021,Genderfluid
492,Bendite,Pughe,8/8/2020,7/25/2021,Non-binary
493,Elladine,Ramirez,4/26/2021,7/25/2021,Female
494,Hurley,Bartoleyn,9/4/2018,7/25/2021,Genderqueer
495,Nerte,Zannetti,7/11/2019,7/25/2021,Male
496,Jacinthe,Enric,9/1/2019,7/25/2021,Genderqueer
497,Caldwell,Bohlens,6/16/2019,7/25/2021,Polygender
498,Roman,De Gregorio,11/5/2018,7/25/2021,Genderqueer
499,Tann,Crathern,4/4/2019,7/25/2021,Female
500,Lucky,Ephgrave,10/16/2019,7/25/2021,Female
501,Elberta,Bernardi,1/9/2019,7/25/2021,Agender
502,Teressa,Wenn,8/1/2020,7/25/2021,Non-binary
503,Joanie,McRitchie,7/29/2019,7/25/2021,Genderqueer
504,Dewey,Ruppelin,2/17/2020,7/25/2021,Female
505,Win,Rosewarne,2/13/2020,7/25/2021,Polygender
506,Niven,Cammomile,5/31/2020,7/25/2021,Bigender
507,Bride,Zold,5/1/2021,7/25/2021,Non-binary
508,Marna,Rawe,6/2/2021,7/25/2021,Bigender
509,Ulric,Poleye,8/28/2020,7/25/2021,Genderqueer
510,Joelynn,Ivers,6/12/2021,7/25/2021,Bigender
511,Karoly,Glinde,3/16/2021,7/25/2021,Bigender
512,Elita,Castellaccio,11/5/2018,7/25/2021,Genderqueer
513,Berton,Appleby,11/17/2019,7/25/2021,Genderfluid
514,Mirabelle,Didball,12/2/2020,7/25/2021,Agender
515,Jamima,Server,2/28/2019,7/25/2021,Non-binary
516,Justinian,Wagstaffe,12/15/2018,7/25/2021,Male
517,Barbara-anne,Carney,4/11/2020,7/25/2021,Male
518,Doreen,Haime,3/21/2021,7/25/2021,Genderqueer
519,Aileen,Asch,2/20/2020,7/25/2021,Female
520,Shirley,Rumsby,1/5/2020,7/25/2021,Male
521,Ximenez,Giorgetti,5/4/2021,7/25/2021,Genderfluid
522,Meggi,O'Caine,9/20/2020,7/25/2021,Genderqueer
523,Woody,Jendricke,5/2/2021,7/25/2021,Agender
524,Sanders,Bushen,12/9/2018,7/25/2021,Genderfluid
525,Viviyan,Minchin,1/9/2020,7/25/2021,Non-binary
526,Skelly,Twiggins,12/28/2020,7/25/2021,Male
527,Don,Seden,1/21/2020,7/25/2021,Bigender
528,Shayna,Saing,2/28/2020,7/25/2021,Bigender
529,Selinda,Houston,3/22/2019,7/25/2021,Non-binary
530,Nanette,Olyfant,2/16/2019,7/25/2021,Genderqueer
531,Lorraine,Thorp,7/11/2019,7/25/2021,Polygender
532,Kimmie,Shephard,10/3/2019,7/25/2021,Female
533,Blythe,Spratley,12/7/2019,7/25/2021,Polygender
534,Willey,Honnicott,7/28/2020,7/25/2021,Genderqueer
535,Hannie,Ivshin,5/5/2020,7/25/2021,Non-binary
536,Kellie,Tillard,5/18/2021,7/25/2021,Agender
537,Elliot,Axcel,8/9/2019,7/25/2021,Bigender
538,Ronny,Browse,4/3/2021,7/25/2021,Agender
539,Claire,Yukhnini,3/27/2019,7/25/2021,Genderqueer
540,Jakob,Kitcat,7/1/2019,7/25/2021,Polygender
541,Taffy,Ruane,10/14/2018,7/25/2021,Genderfluid
542,Curtice,Dunlap,3/3/2019,7/25/2021,Polygender
543,Benito,Dutson,1/8/2019,7/25/2021,Non-binary
544,Carri,Hawken,8/20/2020,7/25/2021,Polygender
545,Nicholas,Guage,7/2/2019,7/25/2021,Non-binary
546,Michaelina,Peyntue,1/25/2019,7/25/2021,Polygender
547,Everard,Stansbie,12/30/2020,7/25/2021,Polygender
548,Prent,Ebbitt,7/30/2020,7/25/2021,Male
549,Ezra,Cobley,6/19/2020,7/25/2021,Non-binary
550,Tedman,Blinco,9/12/2018,7/25/2021,Female
551,Lelah,Farreil,3/26/2020,7/25/2021,Polygender
552,Camala,Wilkin,5/18/2020,7/25/2021,Male
553,Chrissy,Easthope,4/25/2021,7/25/2021,Bigender
554,Maryanne,Allwood,12/25/2019,7/25/2021,Agender
555,Hilly,Blyth,12/10/2020,7/25/2021,Genderqueer
556,Savina,Allday,8/18/2020,7/25/2021,Non-binary
557,Wini,Vinton,4/5/2020,7/25/2021,Genderfluid
558,Lina,Ollarenshaw,1/15/2019,7/25/2021,Non-binary
559,Joyce,Young,3/23/2019,7/25/2021,Agender
560,Cosimo,Kew,6/17/2021,7/25/2021,Genderfluid
561,Costanza,Yurevich,8/3/2020,7/25/2021,Non-binary
562,Caralie,Blint,1/12/2020,7/25/2021,Polygender
563,Aron,Eglington,8/29/2019,7/25/2021,Genderfluid
564,Denna,McCome,1/13/2019,7/25/2021,Non-binary
565,Siouxie,Bisset,12/1/2018,7/25/2021,Male
566,Biddie,Farraway,7/10/2019,7/25/2021,Genderfluid
567,Regen,Drable,4/29/2021,7/25/2021,Non-binary
568,Allianora,Iozefovich,3/30/2020,7/25/2021,Genderfluid
569,Ken,Snodden,6/6/2019,7/25/2021,Female
570,Reed,Candey,3/20/2019,7/25/2021,Female
571,Sarita,Bernhart,12/18/2019,7/25/2021,Genderfluid
572,Frayda,Birbeck,10/13/2020,7/25/2021,Non-binary
573,Patin,Dagg,9/23/2019,7/25/2021,Genderqueer
574,Hoyt,Morgen,9/18/2019,7/25/2021,Agender
575,Conn,Putley,2/21/2019,7/25/2021,Non-binary
576,Marcia,Coling,10/28/2018,7/25/2021,Female
577,Shantee,Joisce,5/9/2019,7/25/2021,Genderfluid
578,Rana,Mellodey,6/10/2019,7/25/2021,Non-binary
579,Angie,Cockland,3/4/2021,7/25/2021,Non-binary
580,Adelice,Daniel,1/6/2021,7/25/2021,Bigender
581,Arleen,Ivy,5/20/2020,7/25/2021,Female
582,Silva,Arrundale,7/18/2019,7/25/2021,Female
583,Kattie,Biles,8/24/2019,7/25/2021,Bigender
584,Darcee,Reames,6/4/2020,7/25/2021,Female
585,Mariana,Sandiland,3/14/2019,7/25/2021,Agender
586,Dolorita,Jumeau,8/21/2019,7/25/2021,Genderfluid
587,Chandra,Bellay,11/12/2020,7/25/2021,Genderqueer
588,Dido,Bowyer,3/16/2020,7/25/2021,Bigender
589,Reese,Gidley,4/2/2021,7/25/2021,Non-binary
590,Clayson,Espinha,8/17/2019,7/25/2021,Female
591,Minnaminnie,Venning,5/16/2021,7/25/2021,Bigender
592,Faythe,Willmetts,11/29/2020,7/25/2021,Genderqueer
593,Padraic,Tipperton,8/8/2019,7/25/2021,Non-binary
594,Jeremie,Hallsworth,9/5/2019,7/25/2021,Polygender
595,Sheelah,Danihelka,9/2/2020,7/25/2021,Genderqueer
596,Bank,Durn,12/31/2019,7/25/2021,Male
597,Davina,Pendergast,2/13/2020,7/25/2021,Female
598,Torrance,Vauls,2/14/2019,7/25/2021,Male
599,Haskell,Boxall,11/29/2018,7/25/2021,Female
600,Kyla,Dendon,11/8/2019,7/25/2021,Genderqueer
601,Monro,Chasemoore,12/5/2020,7/25/2021,Genderqueer
602,Garnette,Ditchfield,11/6/2020,7/25/2021,Female
603,Chico,Nizard,12/3/2018,7/25/2021,Female
604,Lana,Rosenbaum,11/4/2020,7/25/2021,Non-binary
605,Rickard,Glyne,4/29/2020,7/25/2021,Genderfluid
606,Malorie,Santino,12/19/2019,7/25/2021,Bigender
607,Tracey,Danilchev,12/18/2018,7/25/2021,Genderfluid
608,Zaccaria,Belchamber,11/23/2018,7/25/2021,Bigender
609,Wiley,Neill,6/11/2021,7/25/2021,Male
610,Adele,Bly,1/10/2021,7/25/2021,Male
611,Zilvia,Spargo,2/19/2020,7/25/2021,Non-binary
612,Marcie,Binding,3/17/2021,7/25/2021,Male
613,Arlen,Bolgar,10/7/2020,7/25/2021,Non-binary
614,Estrellita,Schreurs,5/30/2019,7/25/2021,Polygender
615,Rosie,Mucci,1/12/2020,7/25/2021,Polygender
616,Ephrayim,Fairlem,1/16/2020,7/25/2021,Non-binary
617,Amelina,Extall,2/27/2019,7/25/2021,Bigender
618,Guss,Henryson,9/25/2019,7/25/2021,Non-binary
619,Koenraad,Atherley,3/6/2019,7/25/2021,Bigender
620,Zenia,Camili,10/4/2019,7/25/2021,Female
621,Shane,Guilayn,1/24/2020,7/25/2021,Agender
622,Ingaborg,Nickolls,3/15/2021,7/25/2021,Polygender
623,Myrna,Kamen,3/20/2020,7/25/2021,Non-binary
624,Renelle,Eilhart,1/31/2020,7/25/2021,Male
625,Donny,MacCallion,2/23/2021,7/25/2021,Non-binary
626,Nicki,Oulet,5/20/2021,7/25/2021,Female
627,Kelsey,Bromet,6/16/2019,7/25/2021,Genderqueer
628,Homer,Boddice,10/11/2018,7/25/2021,Non-binary
629,Bryan,Rooze,2/3/2020,7/25/2021,Female
630,Fransisco,Astell,8/15/2018,7/25/2021,Polygender
631,Perceval,Langstrath,8/12/2020,7/25/2021,Male
632,Tierney,Mogford,8/21/2019,7/25/2021,Agender
633,Gabey,Raubenheimer,2/11/2021,7/25/2021,Agender
634,Kelsey,Kisbey,9/7/2020,7/25/2021,Agender
635,Deane,Brakewell,4/4/2019,7/25/2021,Male
636,Jenni,Etchingham,2/25/2019,7/25/2021,Non-binary
637,Valene,Gransden,8/20/2018,7/25/2021,Male
638,Marmaduke,Welden,8/7/2019,7/25/2021,Genderqueer
639,Zilvia,Thomsen,1/18/2020,7/25/2021,Female
640,Tyrone,Caldaro,5/25/2020,7/25/2021,Agender
641,Maximilien,Kubicka,4/6/2021,7/25/2021,Non-binary
642,Tracey,Heatherington,7/3/2019,7/25/2021,Agender
643,Ernie,Davenhall,4/30/2019,7/25/2021,Bigender
644,Cecil,Jachimczak,11/24/2018,7/25/2021,Polygender
645,Duane,Parzis,2/14/2021,7/25/2021,Male
646,Rowland,Lazarus,5/14/2021,7/25/2021,Non-binary
647,Arney,Barense,1/25/2021,7/25/2021,Non-binary
648,Hamnet,Bodley,8/14/2020,7/25/2021,Non-binary
649,Merry,Morson,8/22/2019,7/25/2021,Genderfluid
650,Freedman,Bairnsfather,5/17/2020,7/25/2021,Male
651,Katrinka,Gaskins,4/24/2019,7/25/2021,Non-binary
652,Kitty,Baldetti,8/23/2020,7/25/2021,Bigender
653,Megan,Semark,8/29/2020,7/25/2021,Genderqueer
654,Gonzalo,Brickdale,8/8/2018,7/25/2021,Polygender
655,Saul,Managh,6/18/2021,7/25/2021,Male
656,Orin,Delamere,7/15/2020,7/25/2021,Agender
657,Dag,Beeble,7/27/2019,7/25/2021,Genderqueer
658,Horst,Snalum,10/11/2019,7/25/2021,Non-binary
659,Hali,Skarr,8/17/2018,7/25/2021,Non-binary
660,Salvador,McCard,12/12/2020,7/25/2021,Genderfluid
661,Herbert,Nassy,5/4/2020,7/25/2021,Genderqueer
662,Arlan,Sparrowhawk,10/8/2020,7/25/2021,Male
663,Melisandra,Langdon,1/23/2020,7/25/2021,Agender
664,Giacinta,Noell,11/22/2020,7/25/2021,Genderfluid
665,Petunia,Terram,10/22/2018,7/25/2021,Bigender
666,Freida,MacCague,12/27/2019,7/25/2021,Bigender
667,Ricky,Warrier,3/31/2021,7/25/2021,Genderfluid
668,Arte,McGinney,7/4/2019,7/25/2021,Polygender
669,Selig,Jump,1/15/2019,7/25/2021,Genderqueer
670,Rickie,Skeates,6/1/2019,7/25/2021,Polygender
671,Ondrea,Cassey,10/9/2020,7/25/2021,Male
672,Merissa,Ziemens,6/11/2019,7/25/2021,Bigender
673,Damita,Deverill,5/21/2021,7/25/2021,Polygender
674,Ester,Hanstock,2/3/2021,7/25/2021,Agender
675,Carlynn,Crook,6/23/2021,7/25/2021,Female
676,Melli,Creus,1/21/2019,7/25/2021,Non-binary
677,Terence,Margach,2/14/2019,7/25/2021,Genderqueer
678,Dani,Janowicz,12/16/2018,7/25/2021,Non-binary
679,Ayn,Willishire,10/5/2019,7/25/2021,Agender
680,Carin,Schistl,10/7/2019,7/25/2021,Polygender
681,Sallyann,Mealand,2/8/2019,7/25/2021,Polygender
682,Wain,MacAllester,2/12/2019,7/25/2021,Non-binary
683,Artie,Osman,3/15/2020,7/25/2021,Male
684,Yulma,Champneys,5/9/2019,7/25/2021,Genderqueer
685,Rochester,Kynforth,10/10/2019,7/25/2021,Male
686,Meridel,Milburne,8/19/2018,7/25/2021,Non-binary
687,Carie,Restieaux,4/27/2019,7/25/2021,Non-binary
688,Nedda,Casina,5/23/2021,7/25/2021,Bigender
689,Laura,Marciskewski,12/18/2018,7/25/2021,Non-binary
690,Ralina,Rosborough,6/11/2021,7/25/2021,Polygender
691,Jone,Tubritt,10/12/2018,7/25/2021,Male
692,Dick,Lacer,9/15/2018,7/25/2021,Female
693,Annamaria,Stetson,12/16/2019,7/25/2021,Genderfluid
694,Perren,Glendzer,12/1/2019,7/25/2021,Non-binary
695,Bellanca,Kulic,2/2/2020,7/25/2021,Agender
696,Dene,Urry,4/13/2020,7/25/2021,Agender
697,Lucky,Bastick,11/3/2019,7/25/2021,Agender
698,Fran,Brooks,1/16/2020,7/25/2021,Bigender
699,Tracie,Murcott,4/25/2019,7/25/2021,Non-binary
700,Katy,Jeffries,2/24/2019,7/25/2021,Male
701,Meredeth,Libbie,5/24/2019,7/25/2021,Genderfluid
702,Morten,Merck,11/23/2019,7/25/2021,Agender
703,Filmore,Costar,9/30/2018,7/25/2021,Agender
704,Gail,Turnbull,2/18/2019,7/25/2021,Genderqueer
705,Cymbre,Mulholland,10/2/2020,7/25/2021,Bigender
706,Clair,Reedyhough,5/31/2020,7/25/2021,Non-binary
707,Jazmin,Zanassi,7/16/2019,7/25/2021,Genderqueer
708,Marybeth,Enticott,10/11/2018,7/25/2021,Bigender
709,Thatcher,Ruprechter,6/4/2019,7/25/2021,Female
710,Donnajean,Dugmore,1/22/2020,7/25/2021,Polygender
711,Reeba,Mor,12/12/2018,7/25/2021,Male
712,Bartholomeus,Stratley,4/30/2020,7/25/2021,Genderfluid
713,El,Matyushonok,9/21/2018,7/25/2021,Polygender
714,Emlen,Bredes,2/26/2020,7/25/2021,Genderqueer
715,Kara,Lunney,8/18/2020,7/25/2021,Non-binary
716,Cathleen,Lamberton,4/29/2019,7/25/2021,Genderfluid
717,Nikkie,Dalyell,4/14/2019,7/25/2021,Non-binary
718,Garreth,Meritt,6/15/2020,7/25/2021,Polygender
719,Quinn,Chidzoy,7/1/2020,7/25/2021,Female
720,Miguelita,Wilprecht,3/14/2019,7/25/2021,Male
721,Manya,Cregin,2/15/2019,7/25/2021,Genderfluid
722,Kilian,MacKnight,2/24/2020,7/25/2021,Genderqueer
723,Kristi,Rosenbush,9/23/2019,7/25/2021,Bigender
724,Melvin,Rosie,4/21/2020,7/25/2021,Genderqueer
725,Rafe,Colloby,1/28/2019,7/25/2021,Female
726,Essy,Fawkes,3/14/2020,7/25/2021,Male
727,Lodovico,Jones,4/24/2021,7/25/2021,Polygender
728,Winslow,Billiard,3/22/2021,7/25/2021,Genderfluid
729,Timi,Kubacki,3/3/2019,7/25/2021,Male
730,Merl,Pitkaithly,6/17/2019,7/25/2021,Polygender
731,Mirna,Fidgeon,2/19/2019,7/25/2021,Bigender
732,Ophelie,Pettet,12/25/2019,7/25/2021,Genderfluid
733,Devon,Harral,5/18/2020,7/25/2021,Genderfluid
734,Cecilia,Filyushkin,4/4/2020,7/25/2021,Bigender
735,Idaline,Whatmough,3/31/2019,7/25/2021,Female
736,Vasily,Maguire,1/20/2021,7/25/2021,Non-binary
737,Joy,Marley,6/2/2020,7/25/2021,Female
738,Larissa,Mott,12/15/2018,7/25/2021,Polygender
739,Yelena,Vida,4/20/2019,7/25/2021,Genderqueer
740,Cullin,Duckham,11/16/2019,7/25/2021,Bigender
741,Artie,Pigot,8/3/2019,7/25/2021,Female
742,Corabella,Ilyasov,4/13/2021,7/25/2021,Female
743,Clary,Cultcheth,1/14/2021,7/25/2021,Genderfluid
744,Matthaeus,Pickhaver,4/19/2019,7/25/2021,Agender
745,Josee,Yuryaev,9/11/2019,7/25/2021,Male
746,Pincas,Petyankin,11/24/2019,7/25/2021,Non-binary
747,Antonio,Davio,11/15/2018,7/25/2021,Female
748,Catlaina,Vidineev,9/23/2018,7/25/2021,Genderfluid
749,Erna,Duffitt,9/13/2018,7/25/2021,Female
750,Inger,Freeborne,12/4/2020,7/25/2021,Genderqueer
751,Antonie,Broady,10/19/2019,7/25/2021,Polygender
752,Windham,McRamsey,5/24/2019,7/25/2021,Polygender
753,Jack,Westphal,4/25/2019,7/25/2021,Polygender
754,Giffer,Hellens,11/22/2020,7/25/2021,Agender
755,Manon,Kiffe,8/10/2020,7/25/2021,Non-binary
756,Thelma,Teresia,9/20/2019,7/25/2021,Non-binary
757,Daria,Van Der Hoog,1/22/2020,7/25/2021,Male
758,Ange,Escalero,1/26/2019,7/25/2021,Agender
759,Wendie,Rosenzveig,4/6/2019,7/25/2021,Polygender
760,Marylee,Sandal,7/27/2020,7/25/2021,Genderqueer
761,Albie,Duthy,4/3/2021,7/25/2021,Genderfluid
762,Lewie,Vockings,9/21/2019,7/25/2021,Male
763,Clay,Bassingden,8/16/2019,7/25/2021,Polygender
764,Valeda,MacCorkell,12/21/2019,7/25/2021,Agender
765,Sandy,Goning,9/18/2018,7/25/2021,Female
766,Tiphani,Moth,2/6/2020,7/25/2021,Female
767,Ella,Mossom,5/2/2019,7/25/2021,Bigender
768,Sarina,Wilne,1/29/2020,7/25/2021,Male
769,Trudy,Barnhill,5/17/2021,7/25/2021,Polygender
770,Blinni,Scarsbrook,8/13/2018,7/25/2021,Agender
771,Linell,Hardwin,1/23/2019,7/25/2021,Female
772,Chas,Tomasian,9/18/2019,7/25/2021,Polygender
773,Robby,Tyght,1/25/2020,7/25/2021,Polygender
774,Tim,Thompstone,11/6/2020,7/25/2021,Polygender
775,Wyndham,Dalling,10/18/2019,7/25/2021,Polygender
776,Theadora,Gajewski,1/26/2020,7/25/2021,Female
777,Tedie,Hover,10/31/2019,7/25/2021,Female
778,August,Brushneen,6/30/2020,7/25/2021,Bigender
779,Uri,Tidbald,11/2/2018,7/25/2021,Female
780,Bronson,Lattey,10/12/2018,7/25/2021,Non-binary
781,Lucian,Haslegrave,6/28/2021,7/25/2021,Bigender
782,Judi,Culshew,11/29/2020,7/25/2021,Polygender
783,Kissee,Cosens,8/1/2020,7/25/2021,Polygender
784,Abraham,Gilding,9/13/2020,7/25/2021,Non-binary
785,Forster,Albon,12/19/2020,7/25/2021,Non-binary
786,Reinhard,Balbeck,5/14/2020,7/25/2021,Polygender
787,Gerta,Leander,10/24/2019,7/25/2021,Genderfluid
788,Emmye,Cristou,3/25/2019,7/25/2021,Non-binary
789,Kipp,Beswick,5/13/2020,7/25/2021,Polygender
790,Pincus,Goggen,10/9/2019,7/25/2021,Polygender
791,Cindy,Ramard,1/10/2021,7/25/2021,Female
792,Hilario,Beaby,9/7/2020,7/25/2021,Genderfluid
793,Fanya,Nye,1/11/2020,7/25/2021,Genderfluid
794,Whitaker,Hynes,6/6/2021,7/25/2021,Male
795,Teodoro,Tulleth,6/12/2021,7/25/2021,Bigender
796,Christian,Van Daalen,6/2/2021,7/25/2021,Female
797,Alanson,Horwell,6/8/2021,7/25/2021,Male
798,Brooke,Garm,8/27/2019,7/25/2021,Polygender
799,Delly,Duddin,12/28/2018,7/25/2021,Female
800,Finley,Lugsdin,7/5/2021,7/25/2021,Female
801,Prudy,Bestall,4/26/2021,7/25/2021,Bigender
802,Zollie,Lamplough,8/14/2020,7/25/2021,Non-binary
803,Rosalinda,Baskwell,4/11/2021,7/25/2021,Polygender
804,Emili,Castanaga,4/14/2020,7/25/2021,Male
805,Rosa,Fenn,6/3/2021,7/25/2021,Bigender
806,Elbertina,Di Biagio,1/1/2019,7/25/2021,Non-binary
807,Gayel,Ruck,2/25/2021,7/25/2021,Agender
808,Edi,Bollans,1/2/2021,7/25/2021,Genderqueer
809,Arlinda,Visick,10/29/2018,7/25/2021,Bigender
810,Toinette,Matevosian,10/27/2019,7/25/2021,Agender
811,Margarethe,Harnetty,6/13/2019,7/25/2021,Genderqueer
812,Andrus,Ivanyutin,4/20/2020,7/25/2021,Male
813,Mason,Sandaver,7/17/2021,7/25/2021,Genderfluid
814,Tome,Buxsy,1/26/2019,7/25/2021,Male
815,Sancho,O'Fogarty,6/25/2020,7/25/2021,Polygender
816,Chev,Downes,4/25/2020,7/25/2021,Polygender
817,Rozele,De La Salle,7/14/2021,7/25/2021,Female
818,Stephani,Diaper,1/21/2020,7/25/2021,Male
819,Anselma,Milroy,3/16/2019,7/25/2021,Non-binary
820,Rori,Mollen,12/3/2019,7/25/2021,Polygender
821,Moira,Canwell,10/25/2018,7/25/2021,Agender
822,Madelon,Reiners,1/15/2020,7/25/2021,Genderqueer
823,Craig,Branca,2/6/2019,7/25/2021,Polygender
824,Wade,Satteford,3/31/2021,7/25/2021,Non-binary
825,Wit,Hiskey,12/7/2019,7/25/2021,Genderqueer
826,Trever,Tift,8/18/2018,7/25/2021,Genderfluid
827,Leodora,Karpmann,3/13/2019,7/25/2021,Male
828,Essa,Dunsmore,1/7/2019,7/25/2021,Agender
829,Ellery,Winscum,10/20/2019,7/25/2021,Female
830,Loella,Watson,11/5/2018,7/25/2021,Female
831,Esmaria,Grinstead,11/21/2018,7/25/2021,Agender
832,Rikki,Dixon,8/13/2019,7/25/2021,Agender
833,Harriott,Le Barre,6/19/2021,7/25/2021,Polygender
834,Darsie,Mielnik,9/5/2019,7/25/2021,Genderqueer
835,Cecelia,Jahncke,10/5/2019,7/25/2021,Female
836,Worthy,MacDirmid,11/18/2018,7/25/2021,Bigender
837,Sullivan,Hanselmann,11/1/2020,7/25/2021,Agender
838,Carlee,Collocott,11/28/2019,7/25/2021,Agender
839,Carlyn,Barrack,4/6/2019,7/25/2021,Male
840,Lory,Rucklesse,5/30/2019,7/25/2021,Bigender
841,Wendall,Ecclesall,8/29/2019,7/25/2021,Polygender
842,Chrystel,Khristyukhin,6/4/2021,7/25/2021,Male
843,Misti,Embra,3/14/2020,7/25/2021,Polygender
844,Colman,Simmen,2/9/2021,7/25/2021,Polygender
845,Ofella,McGillacoell,1/25/2019,7/25/2021,Agender
846,Page,Egginton,6/21/2020,7/25/2021,Female
847,Tirrell,Scotti,4/5/2019,7/25/2021,Non-binary
848,Eddie,Slowan,7/27/2019,7/25/2021,Polygender
849,Ricard,Dominick,3/27/2019,7/25/2021,Bigender
850,Maxwell,Boecke,3/11/2021,7/25/2021,Polygender
851,Ingeberg,Pitts,7/4/2021,7/25/2021,Bigender
852,Amargo,Tenbrug,4/8/2020,7/25/2021,Non-binary
853,Sharai,Bessey,11/17/2019,7/25/2021,Non-binary
854,Roxanne,Lideard,10/18/2019,7/25/2021,Genderfluid
855,Emogene,Dagg,3/23/2021,7/25/2021,Polygender
856,Sayre,Turnpenny,4/22/2020,7/25/2021,Female
857,Delphinia,Buntine,8/22/2019,7/25/2021,Agender
858,Joyous,Keneforde,3/28/2021,7/25/2021,Polygender
859,Marta,Danell,1/10/2019,7/25/2021,Female
860,Missy,Benkin,2/2/2020,7/25/2021,Genderqueer
861,Aubrette,Doxey,12/28/2019,7/25/2021,Bigender
862,Werner,Clutterbuck,4/19/2019,7/25/2021,Genderfluid
863,Greta,Shearmur,10/29/2020,7/25/2021,Genderqueer
864,Ernest,Gummie,1/14/2021,7/25/2021,Agender
865,Randy,Dilworth,11/10/2019,7/25/2021,Genderfluid
866,Delphinia,Hearthfield,7/13/2021,7/25/2021,Agender
867,Stinky,Poundford,8/23/2018,7/25/2021,Female
868,Marillin,O'Donnell,4/23/2019,7/25/2021,Female
869,Ofelia,Battram,12/4/2019,7/25/2021,Genderfluid
870,Junina,Haney,9/24/2020,7/25/2021,Genderqueer
871,Cathryn,Kernar,7/5/2021,7/25/2021,Male
872,Erina,Guilleton,11/30/2019,7/25/2021,Agender
873,Debora,Earl,1/13/2019,7/25/2021,Agender
874,Buck,Causey,4/5/2020,7/25/2021,Genderqueer
875,Johna,Rother,7/17/2021,7/25/2021,Non-binary
876,Rafe,Wisby,9/16/2019,7/25/2021,Bigender
877,Alex,Swadlin,2/5/2021,7/25/2021,Polygender
878,Sheela,Jane,8/8/2019,7/25/2021,Polygender
879,Tiebold,Arlow,12/25/2018,7/25/2021,Female
880,Danika,Tolan,4/14/2021,7/25/2021,Genderqueer
881,Rora,Simounet,3/16/2020,7/25/2021,Bigender
882,Cassaundra,Madelin,9/30/2020,7/25/2021,Polygender
883,Mora,Vanichev,8/24/2018,7/25/2021,Bigender
884,Anastasie,Loncaster,8/10/2020,7/25/2021,Genderqueer
885,Row,Sarney,6/15/2019,7/25/2021,Genderfluid
886,Jasmin,Oldnall,12/26/2019,7/25/2021,Polygender
887,Nadine,Rosetti,10/18/2020,7/25/2021,Agender
888,Cammy,Marriage,11/14/2018,7/25/2021,Polygender
889,Maxy,Buy,7/16/2021,7/25/2021,Agender
890,Ileane,Banisch,11/2/2019,7/25/2021,Bigender
891,Otes,MacTrusty,10/25/2019,7/25/2021,Male
892,Darryl,Buchan,11/22/2019,7/25/2021,Genderqueer
893,Isabelita,Rex,10/4/2020,7/25/2021,Genderfluid
894,Knox,Georgeau,4/6/2019,7/25/2021,Female
895,Tiffani,Sedgemond,12/22/2019,7/25/2021,Genderqueer
896,Madison,Juniper,1/7/2021,7/25/2021,Polygender
897,Paxon,Duggon,12/20/2018,7/25/2021,Genderqueer
898,Arthur,Nolte,12/3/2020,7/25/2021,Genderfluid
899,Hernando,Bedenham,3/11/2020,7/25/2021,Polygender
900,Nels,Broomhall,6/28/2021,7/25/2021,Bigender
901,Ambur,Avramchik,4/9/2020,7/25/2021,Agender
902,Minor,Rawll,2/27/2019,7/25/2021,Male
903,Bette-ann,Blackhall,10/11/2020,7/25/2021,Non-binary
904,Berrie,Cudiff,2/10/2020,7/25/2021,Polygender
905,Berkly,Harvison,11/15/2018,7/25/2021,Bigender
906,Esther,Novill,5/10/2019,7/25/2021,Genderfluid
907,Victoria,Dunthorn,9/4/2019,7/25/2021,Bigender
908,Krysta,Trussman,4/10/2019,7/25/2021,Male
909,Taite,O'Dwyer,11/13/2020,7/25/2021,Polygender
910,Antonin,Tolson,5/6/2021,7/25/2021,Polygender
911,Kattie,Pickton,12/6/2020,7/25/2021,Genderfluid
912,Blithe,Thonger,5/14/2020,7/25/2021,Female
913,Jessamine,Lidstone,9/20/2019,7/25/2021,Agender
914,Melisse,Macguire,10/4/2019,7/25/2021,Bigender
915,Adolphus,Rosenzveig,11/19/2019,7/25/2021,Female
916,Franchot,Gubbins,4/4/2020,7/25/2021,Non-binary
917,Mycah,Gergher,2/5/2020,7/25/2021,Genderqueer
918,Jaymie,Simondson,5/27/2021,7/25/2021,Genderqueer
919,Ainsley,Mowett,10/11/2018,7/25/2021,Non-binary
920,Keeley,Betonia,6/14/2019,7/25/2021,Agender
921,Marieann,Riddock,8/21/2019,7/25/2021,Non-binary
922,Vinita,Meriott,4/1/2021,7/25/2021,Genderfluid
923,Michelina,Hurlestone,4/13/2021,7/25/2021,Female
924,Jeanne,Reinhard,2/28/2021,7/25/2021,Agender
925,Sydel,Jiggle,4/8/2020,7/25/2021,Genderfluid
926,Rasla,O'Sherin,9/22/2019,7/25/2021,Agender
927,Reinold,Hearson,3/31/2019,7/25/2021,Bigender
928,Catherin,Otterwell,2/22/2019,7/25/2021,Female
929,Terrell,Coldwell,11/13/2019,7/25/2021,Non-binary
930,Vincents,Nazareth,12/9/2020,7/25/2021,Agender
931,Reggie,Howatt,6/16/2020,7/25/2021,Non-binary
932,Lilith,Ferenczi,11/4/2019,7/25/2021,Female
933,Gusella,Cosbee,3/21/2021,7/25/2021,Agender
934,Maryjo,Fluit,2/17/2021,7/25/2021,Agender
935,Lorry,Kelmere,9/13/2018,7/25/2021,Male
936,Ed,De Ambrosi,3/17/2021,7/25/2021,Agender
937,Arlan,Rostern,10/2/2020,7/25/2021,Male
938,Jessa,Charleston,8/17/2018,7/25/2021,Genderfluid
939,Edlin,Willingham,6/10/2021,7/25/2021,Genderfluid
940,Robinson,Cobbe,8/17/2020,7/25/2021,Female
941,Victoria,Argo,6/13/2019,7/25/2021,Genderfluid
942,Shurwood,Marchington,5/8/2021,7/25/2021,Genderfluid
943,Amity,Drynan,3/7/2020,7/25/2021,Bigender
944,Ailene,Crate,1/8/2020,7/25/2021,Agender
945,Erminie,Dyers,12/2/2018,7/25/2021,Female
946,Tammara,Basilio,3/30/2020,7/25/2021,Genderqueer
947,Genevieve,Cleal,7/25/2020,7/25/2021,Bigender
948,Henrietta,Kach,9/22/2019,7/25/2021,Non-binary
949,Fawn,Corkan,6/27/2019,7/25/2021,Polygender
950,Kassi,Search,10/30/2019,7/25/2021,Genderqueer
951,Elsie,Praten,3/5/2020,7/25/2021,Genderqueer
952,Celestia,Kigelman,11/26/2018,7/25/2021,Genderqueer
953,Nissa,Crossgrove,6/22/2020,7/25/2021,Bigender
954,Ferdinande,Barkworth,12/18/2019,7/25/2021,Male
955,Serge,Blackmoor,11/3/2020,7/25/2021,Non-binary
956,Lina,Mustard,12/25/2018,7/25/2021,Bigender
957,Grace,Fesby,4/27/2021,7/25/2021,Non-binary
958,Ailey,Henrion,11/11/2020,7/25/2021,Non-binary
959,Prentice,Mew,12/10/2020,7/25/2021,Male
960,Birch,LeEstut,2/7/2019,7/25/2021,Non-binary
961,Alejandrina,Grayer,8/1/2020,7/25/2021,Genderqueer
962,Hilde,Wimmers,5/30/2021,7/25/2021,Male
963,Frederique,Lipgens,9/1/2018,7/25/2021,Genderfluid
964,Cariotta,Chantree,8/8/2020,7/25/2021,Male
965,Graehme,Benzi,1/22/2021,7/25/2021,Non-binary
966,Beulah,Annell,4/10/2020,7/25/2021,Polygender
967,Mikel,Sleeman,10/18/2018,7/25/2021,Bigender
968,Tudor,Mapp,9/7/2019,7/25/2021,Bigender
969,Yevette,Rump,5/13/2019,7/25/2021,Genderfluid
970,Angela,Whitemarsh,8/4/2020,7/25/2021,Non-binary
971,Haleigh,Musk,4/17/2020,7/25/2021,Agender
972,Dorette,Cluney,7/24/2021,7/25/2021,Female
973,Amery,Holborn,2/11/2020,7/25/2021,Female
974,Erminia,Stooders,6/13/2020,7/25/2021,Male
975,Denise,Zanetti,6/13/2020,7/25/2021,Genderfluid
976,Talyah,McGaughie,5/30/2021,7/25/2021,Male
977,Vernor,McVicar,6/8/2019,7/25/2021,Non-binary
978,Emlyn,Tomaszczyk,7/18/2020,7/25/2021,Male
979,Odell,Sacchetti,11/30/2019,7/25/2021,Genderqueer
980,Darell,McNeish,4/4/2019,7/25/2021,Female
981,Jemimah,Houlson,11/6/2020,7/25/2021,Non-binary
982,Marna,Glyssanne,11/9/2020,7/25/2021,Female
983,Patrizius,Lawlan,12/8/2020,7/25/2021,Bigender
984,Ferdie,Syratt,5/1/2019,7/25/2021,Genderqueer
985,Dolf,Michin,10/10/2018,7/25/2021,Male
986,Rosco,McPhelimy,6/23/2019,7/25/2021,Genderfluid
987,Lina,Ainscough,9/20/2019,7/25/2021,Genderfluid
988,Ammamaria,Dahlgren,6/17/2019,7/25/2021,Non-binary
989,Rollin,Reynault,7/12/2020,7/25/2021,Polygender
990,Daisey,Ecclestone,9/19/2019,7/25/2021,Polygender
991,Tiffie,Adams,11/15/2020,7/25/2021,Bigender
992,Alleen,Penddreth,3/5/2020,7/25/2021,Genderfluid
993,Brew,Ewols,7/10/2021,7/25/2021,Non-binary
994,Shaina,Macro,11/8/2019,7/25/2021,Genderqueer
995,Federica,Ching,3/10/2019,7/25/2021,Male
996,Candi,Beuscher,5/9/2019,7/25/2021,Genderfluid
997,Loutitia,Medlen,4/25/2020,7/25/2021,Non-binary
998,Regan,Robertazzi,6/11/2020,7/25/2021,Agender
999,Shawn,Barrett,5/28/2019,7/25/2021,Agender
1000,Goldy,Paterson,8/22/2018,7/25/2021,Genderqueer
